--
-- PostgreSQL database dump
--

-- Dumped from database version 17.4
-- Dumped by pg_dump version 17.4

SET statement_timeout = 0;
SET lock_timeout = 0;
SET idle_in_transaction_session_timeout = 0;
SET transaction_timeout = 0;
SET client_encoding = 'UTF8';
SET standard_conforming_strings = on;
SELECT pg_catalog.set_config('search_path', '', false);
SET check_function_bodies = false;
SET xmloption = content;
SET client_min_messages = warning;
SET row_security = off;

SET default_tablespace = '';

SET default_table_access_method = heap;

--
-- Name: auth_group; Type: TABLE; Schema: public; Owner: postgres
--

CREATE TABLE public.auth_group (
    id integer NOT NULL,
    name character varying(150) NOT NULL
);


ALTER TABLE public.auth_group OWNER TO postgres;

--
-- Name: auth_group_id_seq; Type: SEQUENCE; Schema: public; Owner: postgres
--

ALTER TABLE public.auth_group ALTER COLUMN id ADD GENERATED BY DEFAULT AS IDENTITY (
    SEQUENCE NAME public.auth_group_id_seq
    START WITH 1
    INCREMENT BY 1
    NO MINVALUE
    NO MAXVALUE
    CACHE 1
);


--
-- Name: auth_group_permissions; Type: TABLE; Schema: public; Owner: postgres
--

CREATE TABLE public.auth_group_permissions (
    id bigint NOT NULL,
    group_id integer NOT NULL,
    permission_id integer NOT NULL
);


ALTER TABLE public.auth_group_permissions OWNER TO postgres;

--
-- Name: auth_group_permissions_id_seq; Type: SEQUENCE; Schema: public; Owner: postgres
--

ALTER TABLE public.auth_group_permissions ALTER COLUMN id ADD GENERATED BY DEFAULT AS IDENTITY (
    SEQUENCE NAME public.auth_group_permissions_id_seq
    START WITH 1
    INCREMENT BY 1
    NO MINVALUE
    NO MAXVALUE
    CACHE 1
);


--
-- Name: auth_permission; Type: TABLE; Schema: public; Owner: postgres
--

CREATE TABLE public.auth_permission (
    id integer NOT NULL,
    name character varying(255) NOT NULL,
    content_type_id integer NOT NULL,
    codename character varying(100) NOT NULL
);


ALTER TABLE public.auth_permission OWNER TO postgres;

--
-- Name: auth_permission_id_seq; Type: SEQUENCE; Schema: public; Owner: postgres
--

ALTER TABLE public.auth_permission ALTER COLUMN id ADD GENERATED BY DEFAULT AS IDENTITY (
    SEQUENCE NAME public.auth_permission_id_seq
    START WITH 1
    INCREMENT BY 1
    NO MINVALUE
    NO MAXVALUE
    CACHE 1
);


--
-- Name: auth_user; Type: TABLE; Schema: public; Owner: postgres
--

CREATE TABLE public.auth_user (
    id integer NOT NULL,
    password character varying(128) NOT NULL,
    last_login timestamp with time zone,
    is_superuser boolean NOT NULL,
    username character varying(150) NOT NULL,
    first_name character varying(150) NOT NULL,
    last_name character varying(150) NOT NULL,
    email character varying(254) NOT NULL,
    is_staff boolean NOT NULL,
    is_active boolean NOT NULL,
    date_joined timestamp with time zone NOT NULL
);


ALTER TABLE public.auth_user OWNER TO postgres;

--
-- Name: auth_user_groups; Type: TABLE; Schema: public; Owner: postgres
--

CREATE TABLE public.auth_user_groups (
    id bigint NOT NULL,
    user_id integer NOT NULL,
    group_id integer NOT NULL
);


ALTER TABLE public.auth_user_groups OWNER TO postgres;

--
-- Name: auth_user_groups_id_seq; Type: SEQUENCE; Schema: public; Owner: postgres
--

ALTER TABLE public.auth_user_groups ALTER COLUMN id ADD GENERATED BY DEFAULT AS IDENTITY (
    SEQUENCE NAME public.auth_user_groups_id_seq
    START WITH 1
    INCREMENT BY 1
    NO MINVALUE
    NO MAXVALUE
    CACHE 1
);


--
-- Name: auth_user_id_seq; Type: SEQUENCE; Schema: public; Owner: postgres
--

ALTER TABLE public.auth_user ALTER COLUMN id ADD GENERATED BY DEFAULT AS IDENTITY (
    SEQUENCE NAME public.auth_user_id_seq
    START WITH 1
    INCREMENT BY 1
    NO MINVALUE
    NO MAXVALUE
    CACHE 1
);


--
-- Name: auth_user_user_permissions; Type: TABLE; Schema: public; Owner: postgres
--

CREATE TABLE public.auth_user_user_permissions (
    id bigint NOT NULL,
    user_id integer NOT NULL,
    permission_id integer NOT NULL
);


ALTER TABLE public.auth_user_user_permissions OWNER TO postgres;

--
-- Name: auth_user_user_permissions_id_seq; Type: SEQUENCE; Schema: public; Owner: postgres
--

ALTER TABLE public.auth_user_user_permissions ALTER COLUMN id ADD GENERATED BY DEFAULT AS IDENTITY (
    SEQUENCE NAME public.auth_user_user_permissions_id_seq
    START WITH 1
    INCREMENT BY 1
    NO MINVALUE
    NO MAXVALUE
    CACHE 1
);


--
-- Name: django_admin_log; Type: TABLE; Schema: public; Owner: postgres
--

CREATE TABLE public.django_admin_log (
    id integer NOT NULL,
    action_time timestamp with time zone NOT NULL,
    object_id text,
    object_repr character varying(200) NOT NULL,
    action_flag smallint NOT NULL,
    change_message text NOT NULL,
    content_type_id integer,
    user_id integer NOT NULL,
    CONSTRAINT django_admin_log_action_flag_check CHECK ((action_flag >= 0))
);


ALTER TABLE public.django_admin_log OWNER TO postgres;

--
-- Name: django_admin_log_id_seq; Type: SEQUENCE; Schema: public; Owner: postgres
--

ALTER TABLE public.django_admin_log ALTER COLUMN id ADD GENERATED BY DEFAULT AS IDENTITY (
    SEQUENCE NAME public.django_admin_log_id_seq
    START WITH 1
    INCREMENT BY 1
    NO MINVALUE
    NO MAXVALUE
    CACHE 1
);


--
-- Name: django_content_type; Type: TABLE; Schema: public; Owner: postgres
--

CREATE TABLE public.django_content_type (
    id integer NOT NULL,
    app_label character varying(100) NOT NULL,
    model character varying(100) NOT NULL
);


ALTER TABLE public.django_content_type OWNER TO postgres;

--
-- Name: django_content_type_id_seq; Type: SEQUENCE; Schema: public; Owner: postgres
--

ALTER TABLE public.django_content_type ALTER COLUMN id ADD GENERATED BY DEFAULT AS IDENTITY (
    SEQUENCE NAME public.django_content_type_id_seq
    START WITH 1
    INCREMENT BY 1
    NO MINVALUE
    NO MAXVALUE
    CACHE 1
);


--
-- Name: django_migrations; Type: TABLE; Schema: public; Owner: postgres
--

CREATE TABLE public.django_migrations (
    id bigint NOT NULL,
    app character varying(255) NOT NULL,
    name character varying(255) NOT NULL,
    applied timestamp with time zone NOT NULL
);


ALTER TABLE public.django_migrations OWNER TO postgres;

--
-- Name: django_migrations_id_seq; Type: SEQUENCE; Schema: public; Owner: postgres
--

ALTER TABLE public.django_migrations ALTER COLUMN id ADD GENERATED BY DEFAULT AS IDENTITY (
    SEQUENCE NAME public.django_migrations_id_seq
    START WITH 1
    INCREMENT BY 1
    NO MINVALUE
    NO MAXVALUE
    CACHE 1
);


--
-- Name: django_session; Type: TABLE; Schema: public; Owner: postgres
--

CREATE TABLE public.django_session (
    session_key character varying(40) NOT NULL,
    session_data text NOT NULL,
    expire_date timestamp with time zone NOT NULL
);


ALTER TABLE public.django_session OWNER TO postgres;

--
-- Name: school_app_academicyear; Type: TABLE; Schema: public; Owner: postgres
--

CREATE TABLE public.school_app_academicyear (
    id bigint NOT NULL,
    name character varying(50) NOT NULL,
    start_date date NOT NULL,
    end_date date NOT NULL
);


ALTER TABLE public.school_app_academicyear OWNER TO postgres;

--
-- Name: school_app_academicyear_id_seq; Type: SEQUENCE; Schema: public; Owner: postgres
--

ALTER TABLE public.school_app_academicyear ALTER COLUMN id ADD GENERATED BY DEFAULT AS IDENTITY (
    SEQUENCE NAME public.school_app_academicyear_id_seq
    START WITH 1
    INCREMENT BY 1
    NO MINVALUE
    NO MAXVALUE
    CACHE 1
);


--
-- Name: school_app_breakperiod; Type: TABLE; Schema: public; Owner: postgres
--

CREATE TABLE public.school_app_breakperiod (
    id bigint NOT NULL,
    day character varying(10) NOT NULL,
    period integer NOT NULL,
    start_time time without time zone NOT NULL,
    end_time time without time zone NOT NULL,
    break_type character varying(10) NOT NULL
);


ALTER TABLE public.school_app_breakperiod OWNER TO postgres;

--
-- Name: school_app_breakperiod_id_seq; Type: SEQUENCE; Schema: public; Owner: postgres
--

ALTER TABLE public.school_app_breakperiod ALTER COLUMN id ADD GENERATED BY DEFAULT AS IDENTITY (
    SEQUENCE NAME public.school_app_breakperiod_id_seq
    START WITH 1
    INCREMENT BY 1
    NO MINVALUE
    NO MAXVALUE
    CACHE 1
);


--
-- Name: school_app_class; Type: TABLE; Schema: public; Owner: postgres
--

CREATE TABLE public.school_app_class (
    id bigint NOT NULL,
    name character varying(100) NOT NULL,
    syllabus text,
    class_teacher_id bigint,
    academic_year_id bigint
);


ALTER TABLE public.school_app_class OWNER TO postgres;

--
-- Name: school_app_class_id_seq; Type: SEQUENCE; Schema: public; Owner: postgres
--

ALTER TABLE public.school_app_class ALTER COLUMN id ADD GENERATED BY DEFAULT AS IDENTITY (
    SEQUENCE NAME public.school_app_class_id_seq
    START WITH 1
    INCREMENT BY 1
    NO MINVALUE
    NO MAXVALUE
    CACHE 1
);


--
-- Name: school_app_classsubsubjectassignment; Type: TABLE; Schema: public; Owner: postgres
--

CREATE TABLE public.school_app_classsubsubjectassignment (
    id bigint NOT NULL,
    school_class_id bigint NOT NULL,
    subject_id bigint NOT NULL,
    subsubject_id bigint NOT NULL
);


ALTER TABLE public.school_app_classsubsubjectassignment OWNER TO postgres;

--
-- Name: school_app_classsubsubjectassignment_id_seq; Type: SEQUENCE; Schema: public; Owner: postgres
--

ALTER TABLE public.school_app_classsubsubjectassignment ALTER COLUMN id ADD GENERATED BY DEFAULT AS IDENTITY (
    SEQUENCE NAME public.school_app_classsubsubjectassignment_id_seq
    START WITH 1
    INCREMENT BY 1
    NO MINVALUE
    NO MAXVALUE
    CACHE 1
);


--
-- Name: school_app_exam; Type: TABLE; Schema: public; Owner: postgres
--

CREATE TABLE public.school_app_exam (
    id bigint NOT NULL,
    name character varying(100) NOT NULL
);


ALTER TABLE public.school_app_exam OWNER TO postgres;

--
-- Name: school_app_exam_id_seq; Type: SEQUENCE; Schema: public; Owner: postgres
--

ALTER TABLE public.school_app_exam ALTER COLUMN id ADD GENERATED BY DEFAULT AS IDENTITY (
    SEQUENCE NAME public.school_app_exam_id_seq
    START WITH 1
    INCREMENT BY 1
    NO MINVALUE
    NO MAXVALUE
    CACHE 1
);


--
-- Name: school_app_examdate; Type: TABLE; Schema: public; Owner: postgres
--

CREATE TABLE public.school_app_examdate (
    id bigint NOT NULL,
    date date NOT NULL,
    exam_id bigint NOT NULL
);


ALTER TABLE public.school_app_examdate OWNER TO postgres;

--
-- Name: school_app_examdate_id_seq; Type: SEQUENCE; Schema: public; Owner: postgres
--

ALTER TABLE public.school_app_examdate ALTER COLUMN id ADD GENERATED BY DEFAULT AS IDENTITY (
    SEQUENCE NAME public.school_app_examdate_id_seq
    START WITH 1
    INCREMENT BY 1
    NO MINVALUE
    NO MAXVALUE
    CACHE 1
);


--
-- Name: school_app_examschedule; Type: TABLE; Schema: public; Owner: postgres
--

CREATE TABLE public.school_app_examschedule (
    id bigint NOT NULL,
    date date NOT NULL,
    total_marks integer NOT NULL,
    exam_id bigint NOT NULL,
    school_class_id bigint NOT NULL,
    subject_id bigint NOT NULL
);


ALTER TABLE public.school_app_examschedule OWNER TO postgres;

--
-- Name: school_app_examschedule_id_seq; Type: SEQUENCE; Schema: public; Owner: postgres
--

ALTER TABLE public.school_app_examschedule ALTER COLUMN id ADD GENERATED BY DEFAULT AS IDENTITY (
    SEQUENCE NAME public.school_app_examschedule_id_seq
    START WITH 1
    INCREMENT BY 1
    NO MINVALUE
    NO MAXVALUE
    CACHE 1
);


--
-- Name: school_app_holiday; Type: TABLE; Schema: public; Owner: postgres
--

CREATE TABLE public.school_app_holiday (
    id bigint NOT NULL,
    date date NOT NULL,
    reason character varying(100) NOT NULL,
    academic_year_id bigint NOT NULL
);


ALTER TABLE public.school_app_holiday OWNER TO postgres;

--
-- Name: school_app_holiday_id_seq; Type: SEQUENCE; Schema: public; Owner: postgres
--

ALTER TABLE public.school_app_holiday ALTER COLUMN id ADD GENERATED BY DEFAULT AS IDENTITY (
    SEQUENCE NAME public.school_app_holiday_id_seq
    START WITH 1
    INCREMENT BY 1
    NO MINVALUE
    NO MAXVALUE
    CACHE 1
);


--
-- Name: school_app_internalassessment; Type: TABLE; Schema: public; Owner: postgres
--

CREATE TABLE public.school_app_internalassessment (
    id bigint NOT NULL,
    school_class_id bigint NOT NULL,
    subject_id bigint NOT NULL,
    subsubject_id bigint,
    student_id bigint,
    exam_id bigint NOT NULL,
    softskill_assessment character varying(255),
    syllabus_assessment character varying(255)
);


ALTER TABLE public.school_app_internalassessment OWNER TO postgres;

--
-- Name: school_app_internalassessment_id_seq; Type: SEQUENCE; Schema: public; Owner: postgres
--

ALTER TABLE public.school_app_internalassessment ALTER COLUMN id ADD GENERATED BY DEFAULT AS IDENTITY (
    SEQUENCE NAME public.school_app_internalassessment_id_seq
    START WITH 1
    INCREMENT BY 1
    NO MINVALUE
    NO MAXVALUE
    CACHE 1
);


--
-- Name: school_app_marks; Type: TABLE; Schema: public; Owner: postgres
--

CREATE TABLE public.school_app_marks (
    id bigint NOT NULL,
    marks_obtained double precision,
    total_obtained_marks double precision,
    remarks text,
    exam_id bigint NOT NULL,
    student_id bigint NOT NULL,
    subject_id bigint NOT NULL
);


ALTER TABLE public.school_app_marks OWNER TO postgres;

--
-- Name: school_app_marks_id_seq; Type: SEQUENCE; Schema: public; Owner: postgres
--

ALTER TABLE public.school_app_marks ALTER COLUMN id ADD GENERATED BY DEFAULT AS IDENTITY (
    SEQUENCE NAME public.school_app_marks_id_seq
    START WITH 1
    INCREMENT BY 1
    NO MINVALUE
    NO MAXVALUE
    CACHE 1
);


--
-- Name: school_app_mediafile; Type: TABLE; Schema: public; Owner: postgres
--

CREATE TABLE public.school_app_mediafile (
    id bigint NOT NULL,
    title character varying(255) NOT NULL,
    description text NOT NULL,
    file character varying(100) NOT NULL,
    media_type character varying(10) NOT NULL,
    category character varying(100) NOT NULL,
    uploaded_at timestamp with time zone NOT NULL
);


ALTER TABLE public.school_app_mediafile OWNER TO postgres;

--
-- Name: school_app_mediafile_id_seq; Type: SEQUENCE; Schema: public; Owner: postgres
--

ALTER TABLE public.school_app_mediafile ALTER COLUMN id ADD GENERATED BY DEFAULT AS IDENTITY (
    SEQUENCE NAME public.school_app_mediafile_id_seq
    START WITH 1
    INCREMENT BY 1
    NO MINVALUE
    NO MAXVALUE
    CACHE 1
);


--
-- Name: school_app_parent; Type: TABLE; Schema: public; Owner: postgres
--

CREATE TABLE public.school_app_parent (
    id bigint NOT NULL,
    name character varying(100) NOT NULL,
    username character varying(20) NOT NULL,
    password character varying(128) NOT NULL,
    phone character varying(15) NOT NULL,
    aadhar character varying(12) NOT NULL,
    email character varying(254),
    address text,
    last_login timestamp with time zone
);


ALTER TABLE public.school_app_parent OWNER TO postgres;

--
-- Name: school_app_parent_id_seq; Type: SEQUENCE; Schema: public; Owner: postgres
--

ALTER TABLE public.school_app_parent ALTER COLUMN id ADD GENERATED BY DEFAULT AS IDENTITY (
    SEQUENCE NAME public.school_app_parent_id_seq
    START WITH 1
    INCREMENT BY 1
    NO MINVALUE
    NO MAXVALUE
    CACHE 1
);


--
-- Name: school_app_periodtiming; Type: TABLE; Schema: public; Owner: postgres
--

CREATE TABLE public.school_app_periodtiming (
    id bigint NOT NULL,
    period integer NOT NULL,
    default_start_time time without time zone NOT NULL,
    default_end_time time without time zone NOT NULL
);


ALTER TABLE public.school_app_periodtiming OWNER TO postgres;

--
-- Name: school_app_periodtiming_id_seq; Type: SEQUENCE; Schema: public; Owner: postgres
--

ALTER TABLE public.school_app_periodtiming ALTER COLUMN id ADD GENERATED BY DEFAULT AS IDENTITY (
    SEQUENCE NAME public.school_app_periodtiming_id_seq
    START WITH 1
    INCREMENT BY 1
    NO MINVALUE
    NO MAXVALUE
    CACHE 1
);


--
-- Name: school_app_skillordevelopmentarea; Type: TABLE; Schema: public; Owner: postgres
--

CREATE TABLE public.school_app_skillordevelopmentarea (
    id bigint NOT NULL,
    syllabus_assessment character varying(255),
    softskill_assessment character varying(255),
    created_at timestamp with time zone NOT NULL,
    updated_at timestamp with time zone NOT NULL,
    school_class_id bigint NOT NULL,
    student_id bigint NOT NULL,
    subject_id bigint NOT NULL,
    assessment_date date NOT NULL
);


ALTER TABLE public.school_app_skillordevelopmentarea OWNER TO postgres;

--
-- Name: school_app_skillordevelopmentarea_id_seq; Type: SEQUENCE; Schema: public; Owner: postgres
--

ALTER TABLE public.school_app_skillordevelopmentarea ALTER COLUMN id ADD GENERATED BY DEFAULT AS IDENTITY (
    SEQUENCE NAME public.school_app_skillordevelopmentarea_id_seq
    START WITH 1
    INCREMENT BY 1
    NO MINVALUE
    NO MAXVALUE
    CACHE 1
);


--
-- Name: school_app_softskillperformance; Type: TABLE; Schema: public; Owner: postgres
--

CREATE TABLE public.school_app_softskillperformance (
    id bigint NOT NULL,
    name character varying(100) NOT NULL
);


ALTER TABLE public.school_app_softskillperformance OWNER TO postgres;

--
-- Name: school_app_softskillperformance_id_seq; Type: SEQUENCE; Schema: public; Owner: postgres
--

ALTER TABLE public.school_app_softskillperformance ALTER COLUMN id ADD GENERATED BY DEFAULT AS IDENTITY (
    SEQUENCE NAME public.school_app_softskillperformance_id_seq
    START WITH 1
    INCREMENT BY 1
    NO MINVALUE
    NO MAXVALUE
    CACHE 1
);


--
-- Name: school_app_student; Type: TABLE; Schema: public; Owner: postgres
--

CREATE TABLE public.school_app_student (
    id bigint NOT NULL,
    name character varying(100) NOT NULL,
    aadhar character varying(12) NOT NULL,
    pen character varying(20),
    email character varying(254),
    phone character varying(15) NOT NULL,
    address text NOT NULL,
    roll_number character varying(20),
    role character varying(50),
    category character varying(10) NOT NULL,
    assigned_class_id bigint NOT NULL,
    parent_id bigint
);


ALTER TABLE public.school_app_student OWNER TO postgres;

--
-- Name: school_app_student_id_seq; Type: SEQUENCE; Schema: public; Owner: postgres
--

ALTER TABLE public.school_app_student ALTER COLUMN id ADD GENERATED BY DEFAULT AS IDENTITY (
    SEQUENCE NAME public.school_app_student_id_seq
    START WITH 1
    INCREMENT BY 1
    NO MINVALUE
    NO MAXVALUE
    CACHE 1
);


--
-- Name: school_app_studentattendance; Type: TABLE; Schema: public; Owner: postgres
--

CREATE TABLE public.school_app_studentattendance (
    id bigint NOT NULL,
    date date NOT NULL,
    status character varying(10) NOT NULL,
    school_class_id bigint NOT NULL,
    student_id bigint NOT NULL
);


ALTER TABLE public.school_app_studentattendance OWNER TO postgres;

--
-- Name: school_app_studentattendance_id_seq; Type: SEQUENCE; Schema: public; Owner: postgres
--

ALTER TABLE public.school_app_studentattendance ALTER COLUMN id ADD GENERATED BY DEFAULT AS IDENTITY (
    SEQUENCE NAME public.school_app_studentattendance_id_seq
    START WITH 1
    INCREMENT BY 1
    NO MINVALUE
    NO MAXVALUE
    CACHE 1
);


--
-- Name: school_app_studentsubjectremark; Type: TABLE; Schema: public; Owner: postgres
--

CREATE TABLE public.school_app_studentsubjectremark (
    id bigint NOT NULL,
    remark text,
    exam_id bigint NOT NULL,
    student_id bigint NOT NULL,
    subject_id bigint NOT NULL
);


ALTER TABLE public.school_app_studentsubjectremark OWNER TO postgres;

--
-- Name: school_app_studentsubjectremark_id_seq; Type: SEQUENCE; Schema: public; Owner: postgres
--

ALTER TABLE public.school_app_studentsubjectremark ALTER COLUMN id ADD GENERATED BY DEFAULT AS IDENTITY (
    SEQUENCE NAME public.school_app_studentsubjectremark_id_seq
    START WITH 1
    INCREMENT BY 1
    NO MINVALUE
    NO MAXVALUE
    CACHE 1
);


--
-- Name: school_app_subject; Type: TABLE; Schema: public; Owner: postgres
--

CREATE TABLE public.school_app_subject (
    id bigint NOT NULL,
    name character varying(100) NOT NULL
);


ALTER TABLE public.school_app_subject OWNER TO postgres;

--
-- Name: school_app_subject_id_seq; Type: SEQUENCE; Schema: public; Owner: postgres
--

ALTER TABLE public.school_app_subject ALTER COLUMN id ADD GENERATED BY DEFAULT AS IDENTITY (
    SEQUENCE NAME public.school_app_subject_id_seq
    START WITH 1
    INCREMENT BY 1
    NO MINVALUE
    NO MAXVALUE
    CACHE 1
);


--
-- Name: school_app_subsubject; Type: TABLE; Schema: public; Owner: postgres
--

CREATE TABLE public.school_app_subsubject (
    id bigint NOT NULL,
    name character varying(100) NOT NULL,
    subject_id bigint NOT NULL
);


ALTER TABLE public.school_app_subsubject OWNER TO postgres;

--
-- Name: school_app_subsubject_id_seq; Type: SEQUENCE; Schema: public; Owner: postgres
--

ALTER TABLE public.school_app_subsubject ALTER COLUMN id ADD GENERATED BY DEFAULT AS IDENTITY (
    SEQUENCE NAME public.school_app_subsubject_id_seq
    START WITH 1
    INCREMENT BY 1
    NO MINVALUE
    NO MAXVALUE
    CACHE 1
);


--
-- Name: school_app_syllabusperformance; Type: TABLE; Schema: public; Owner: postgres
--

CREATE TABLE public.school_app_syllabusperformance (
    id bigint NOT NULL,
    name character varying(100) NOT NULL
);


ALTER TABLE public.school_app_syllabusperformance OWNER TO postgres;

--
-- Name: school_app_syllabusperformance_id_seq; Type: SEQUENCE; Schema: public; Owner: postgres
--

ALTER TABLE public.school_app_syllabusperformance ALTER COLUMN id ADD GENERATED BY DEFAULT AS IDENTITY (
    SEQUENCE NAME public.school_app_syllabusperformance_id_seq
    START WITH 1
    INCREMENT BY 1
    NO MINVALUE
    NO MAXVALUE
    CACHE 1
);


--
-- Name: school_app_teacher; Type: TABLE; Schema: public; Owner: postgres
--

CREATE TABLE public.school_app_teacher (
    id bigint NOT NULL,
    name character varying(100) NOT NULL,
    email character varying(254),
    phone character varying(15) NOT NULL,
    employee_id character varying(10),
    login_id character varying(20),
    password character varying(128),
    is_class_teacher boolean NOT NULL,
    extra_skills text,
    is_absent boolean NOT NULL,
    max_teaching_periods integer NOT NULL,
    class_teacher_of_id bigint,
    CONSTRAINT school_app_teacher_max_teaching_periods_check CHECK ((max_teaching_periods >= 0))
);


ALTER TABLE public.school_app_teacher OWNER TO postgres;

--
-- Name: school_app_teacher_assigned_classes; Type: TABLE; Schema: public; Owner: postgres
--

CREATE TABLE public.school_app_teacher_assigned_classes (
    id bigint NOT NULL,
    teacher_id bigint NOT NULL,
    class_id bigint NOT NULL
);


ALTER TABLE public.school_app_teacher_assigned_classes OWNER TO postgres;

--
-- Name: school_app_teacher_assigned_classes_id_seq; Type: SEQUENCE; Schema: public; Owner: postgres
--

ALTER TABLE public.school_app_teacher_assigned_classes ALTER COLUMN id ADD GENERATED BY DEFAULT AS IDENTITY (
    SEQUENCE NAME public.school_app_teacher_assigned_classes_id_seq
    START WITH 1
    INCREMENT BY 1
    NO MINVALUE
    NO MAXVALUE
    CACHE 1
);


--
-- Name: school_app_teacher_id_seq; Type: SEQUENCE; Schema: public; Owner: postgres
--

ALTER TABLE public.school_app_teacher ALTER COLUMN id ADD GENERATED BY DEFAULT AS IDENTITY (
    SEQUENCE NAME public.school_app_teacher_id_seq
    START WITH 1
    INCREMENT BY 1
    NO MINVALUE
    NO MAXVALUE
    CACHE 1
);


--
-- Name: school_app_teacher_subject_class_relation; Type: TABLE; Schema: public; Owner: postgres
--

CREATE TABLE public.school_app_teacher_subject_class_relation (
    id bigint NOT NULL,
    is_priority_substitute boolean NOT NULL,
    last_login timestamp with time zone,
    subject_id bigint NOT NULL,
    teacher_id bigint
);


ALTER TABLE public.school_app_teacher_subject_class_relation OWNER TO postgres;

--
-- Name: school_app_teacher_subject_class_relation_assigned_classes; Type: TABLE; Schema: public; Owner: postgres
--

CREATE TABLE public.school_app_teacher_subject_class_relation_assigned_classes (
    id bigint NOT NULL,
    teacher_subject_class_relation_id bigint NOT NULL,
    class_id bigint NOT NULL
);


ALTER TABLE public.school_app_teacher_subject_class_relation_assigned_classes OWNER TO postgres;

--
-- Name: school_app_teacher_subject_class_relation_assigned_class_id_seq; Type: SEQUENCE; Schema: public; Owner: postgres
--

ALTER TABLE public.school_app_teacher_subject_class_relation_assigned_classes ALTER COLUMN id ADD GENERATED BY DEFAULT AS IDENTITY (
    SEQUENCE NAME public.school_app_teacher_subject_class_relation_assigned_class_id_seq
    START WITH 1
    INCREMENT BY 1
    NO MINVALUE
    NO MAXVALUE
    CACHE 1
);


--
-- Name: school_app_teacher_subject_class_relation_id_seq; Type: SEQUENCE; Schema: public; Owner: postgres
--

ALTER TABLE public.school_app_teacher_subject_class_relation ALTER COLUMN id ADD GENERATED BY DEFAULT AS IDENTITY (
    SEQUENCE NAME public.school_app_teacher_subject_class_relation_id_seq
    START WITH 1
    INCREMENT BY 1
    NO MINVALUE
    NO MAXVALUE
    CACHE 1
);


--
-- Name: school_app_teacher_subjects; Type: TABLE; Schema: public; Owner: postgres
--

CREATE TABLE public.school_app_teacher_subjects (
    id bigint NOT NULL,
    teacher_id bigint NOT NULL,
    subject_id bigint NOT NULL
);


ALTER TABLE public.school_app_teacher_subjects OWNER TO postgres;

--
-- Name: school_app_teacher_subjects_id_seq; Type: SEQUENCE; Schema: public; Owner: postgres
--

ALTER TABLE public.school_app_teacher_subjects ALTER COLUMN id ADD GENERATED BY DEFAULT AS IDENTITY (
    SEQUENCE NAME public.school_app_teacher_subjects_id_seq
    START WITH 1
    INCREMENT BY 1
    NO MINVALUE
    NO MAXVALUE
    CACHE 1
);


--
-- Name: school_app_timetable; Type: TABLE; Schema: public; Owner: postgres
--

CREATE TABLE public.school_app_timetable (
    id bigint NOT NULL,
    day character varying(10) NOT NULL,
    date date,
    period smallint NOT NULL,
    start_time time without time zone,
    end_time time without time zone,
    is_break boolean NOT NULL,
    class_obj_id bigint NOT NULL,
    teacher_subject_id bigint,
    subject_id bigint NOT NULL,
    teacher_id bigint NOT NULL,
    CONSTRAINT school_app_timetable_period_ce24ba2f_check CHECK ((period >= 0))
);


ALTER TABLE public.school_app_timetable OWNER TO postgres;

--
-- Name: school_app_timetable_id_seq; Type: SEQUENCE; Schema: public; Owner: postgres
--

ALTER TABLE public.school_app_timetable ALTER COLUMN id ADD GENERATED BY DEFAULT AS IDENTITY (
    SEQUENCE NAME public.school_app_timetable_id_seq
    START WITH 1
    INCREMENT BY 1
    NO MINVALUE
    NO MAXVALUE
    CACHE 1
);


--
-- Name: school_app_yearlyevent; Type: TABLE; Schema: public; Owner: postgres
--

CREATE TABLE public.school_app_yearlyevent (
    id bigint NOT NULL,
    title character varying(255) NOT NULL,
    category character varying(50) NOT NULL,
    start_date date NOT NULL,
    end_date date NOT NULL
);


ALTER TABLE public.school_app_yearlyevent OWNER TO postgres;

--
-- Name: school_app_yearlyevent_id_seq; Type: SEQUENCE; Schema: public; Owner: postgres
--

ALTER TABLE public.school_app_yearlyevent ALTER COLUMN id ADD GENERATED BY DEFAULT AS IDENTITY (
    SEQUENCE NAME public.school_app_yearlyevent_id_seq
    START WITH 1
    INCREMENT BY 1
    NO MINVALUE
    NO MAXVALUE
    CACHE 1
);


--
-- Data for Name: auth_group; Type: TABLE DATA; Schema: public; Owner: postgres
--

COPY public.auth_group (id, name) FROM stdin;
\.


--
-- Data for Name: auth_group_permissions; Type: TABLE DATA; Schema: public; Owner: postgres
--

COPY public.auth_group_permissions (id, group_id, permission_id) FROM stdin;
\.


--
-- Data for Name: auth_permission; Type: TABLE DATA; Schema: public; Owner: postgres
--

COPY public.auth_permission (id, name, content_type_id, codename) FROM stdin;
9	Can add group	3	add_group
117	Can add academic year	30	add_academicyear
118	Can change academic year	30	change_academicyear
119	Can delete academic year	30	delete_academicyear
120	Can view academic year	30	view_academicyear
121	Can add holiday	31	add_holiday
122	Can change holiday	31	change_holiday
123	Can delete holiday	31	delete_holiday
124	Can view holiday	31	view_holiday
1	Can add log entry	1	add_logentry
2	Can change log entry	1	change_logentry
3	Can delete log entry	1	delete_logentry
4	Can view log entry	1	view_logentry
5	Can add permission	2	add_permission
6	Can change permission	2	change_permission
7	Can delete permission	2	delete_permission
8	Can view permission	2	view_permission
10	Can change group	3	change_group
11	Can delete group	3	delete_group
12	Can view group	3	view_group
13	Can add user	4	add_user
14	Can change user	4	change_user
15	Can delete user	4	delete_user
16	Can view user	4	view_user
17	Can add content type	5	add_contenttype
18	Can change content type	5	change_contenttype
19	Can delete content type	5	delete_contenttype
20	Can view content type	5	view_contenttype
21	Can add session	6	add_session
22	Can change session	6	change_session
23	Can delete session	6	delete_session
24	Can view session	6	view_session
25	Can add break period	7	add_breakperiod
26	Can change break period	7	change_breakperiod
27	Can delete break period	7	delete_breakperiod
28	Can view break period	7	view_breakperiod
29	Can add class	8	add_class
30	Can change class	8	change_class
31	Can delete class	8	delete_class
32	Can view class	8	view_class
33	Can add exam	9	add_exam
34	Can change exam	9	change_exam
35	Can delete exam	9	delete_exam
36	Can view exam	9	view_exam
37	Can add parent	10	add_parent
38	Can change parent	10	change_parent
39	Can delete parent	10	delete_parent
40	Can view parent	10	view_parent
41	Can add period timing	11	add_periodtiming
42	Can change period timing	11	change_periodtiming
43	Can delete period timing	11	delete_periodtiming
44	Can view period timing	11	view_periodtiming
45	Can add subject	12	add_subject
46	Can change subject	12	change_subject
47	Can delete subject	12	delete_subject
48	Can view subject	12	view_subject
49	Can add yearly event	13	add_yearlyevent
50	Can change yearly event	13	change_yearlyevent
51	Can delete yearly event	13	delete_yearlyevent
52	Can view yearly event	13	view_yearlyevent
53	Can add exam date	14	add_examdate
54	Can change exam date	14	change_examdate
55	Can delete exam date	14	delete_examdate
56	Can view exam date	14	view_examdate
57	Can add student	15	add_student
58	Can change student	15	change_student
59	Can delete student	15	delete_student
60	Can view student	15	view_student
61	Can add marks	16	add_marks
62	Can change marks	16	change_marks
63	Can delete marks	16	delete_marks
64	Can view marks	16	view_marks
65	Can add sub subject	17	add_subsubject
66	Can change sub subject	17	change_subsubject
67	Can delete sub subject	17	delete_subsubject
68	Can view sub subject	17	view_subsubject
69	Can add teacher	18	add_teacher
70	Can change teacher	18	change_teacher
71	Can delete teacher	18	delete_teacher
72	Can view teacher	18	view_teacher
73	Can add teacher_ subject_ class_ relation	19	add_teacher_subject_class_relation
74	Can change teacher_ subject_ class_ relation	19	change_teacher_subject_class_relation
75	Can delete teacher_ subject_ class_ relation	19	delete_teacher_subject_class_relation
76	Can view teacher_ subject_ class_ relation	19	view_teacher_subject_class_relation
77	Can add timetable	20	add_timetable
78	Can change timetable	20	change_timetable
79	Can delete timetable	20	delete_timetable
80	Can view timetable	20	view_timetable
81	Can add exam schedule	21	add_examschedule
82	Can change exam schedule	21	change_examschedule
83	Can delete exam schedule	21	delete_examschedule
84	Can view exam schedule	21	view_examschedule
85	Can add internal assessment	22	add_internalassessment
86	Can change internal assessment	22	change_internalassessment
87	Can delete internal assessment	22	delete_internalassessment
88	Can view internal assessment	22	view_internalassessment
89	Can add class sub subject assignment	23	add_classsubsubjectassignment
90	Can change class sub subject assignment	23	change_classsubsubjectassignment
91	Can delete class sub subject assignment	23	delete_classsubsubjectassignment
92	Can view class sub subject assignment	23	view_classsubsubjectassignment
93	Can add student attendance	24	add_studentattendance
94	Can change student attendance	24	change_studentattendance
95	Can delete student attendance	24	delete_studentattendance
96	Can view student attendance	24	view_studentattendance
97	Can add student subject remark	25	add_studentsubjectremark
98	Can change student subject remark	25	change_studentsubjectremark
99	Can delete student subject remark	25	delete_studentsubjectremark
100	Can view student subject remark	25	view_studentsubjectremark
101	Can add media file	26	add_mediafile
102	Can change media file	26	change_mediafile
103	Can delete media file	26	delete_mediafile
104	Can view media file	26	view_mediafile
105	Can add skill or development area	27	add_skillordevelopmentarea
106	Can change skill or development area	27	change_skillordevelopmentarea
107	Can delete skill or development area	27	delete_skillordevelopmentarea
108	Can view skill or development area	27	view_skillordevelopmentarea
109	Can add soft skill performance	28	add_softskillperformance
110	Can change soft skill performance	28	change_softskillperformance
111	Can delete soft skill performance	28	delete_softskillperformance
112	Can view soft skill performance	28	view_softskillperformance
113	Can add syllabus performance	29	add_syllabusperformance
114	Can change syllabus performance	29	change_syllabusperformance
115	Can delete syllabus performance	29	delete_syllabusperformance
116	Can view syllabus performance	29	view_syllabusperformance
\.


--
-- Data for Name: auth_user; Type: TABLE DATA; Schema: public; Owner: postgres
--

COPY public.auth_user (id, password, last_login, is_superuser, username, first_name, last_name, email, is_staff, is_active, date_joined) FROM stdin;
1	pbkdf2_sha256$870000$0p0rNDV3DLWeiMcAgu8zr3$qTHZVkYldBEG/ULUYfwB49obgm0qxB6ugB3zCep3klI=	2025-04-17 08:47:33.685+05:30	t	admin				t	t	2025-04-17 08:47:15.018+05:30
\.


--
-- Data for Name: auth_user_groups; Type: TABLE DATA; Schema: public; Owner: postgres
--

COPY public.auth_user_groups (id, user_id, group_id) FROM stdin;
\.


--
-- Data for Name: auth_user_user_permissions; Type: TABLE DATA; Schema: public; Owner: postgres
--

COPY public.auth_user_user_permissions (id, user_id, permission_id) FROM stdin;
\.


--
-- Data for Name: django_admin_log; Type: TABLE DATA; Schema: public; Owner: postgres
--

COPY public.django_admin_log (id, action_time, object_id, object_repr, action_flag, change_message, content_type_id, user_id) FROM stdin;
1	2025-04-17 08:52:29.129+05:30	6	10th - Yearly Exam - GK - Sci.Temp	3		22	1
2	2025-04-17 08:52:29.129+05:30	5	10th - Yearly Exam - GK - Observation	3		22	1
3	2025-04-22 17:58:26.287+05:30	4	Monday - Period 1 (None - None) (Free)	3		20	1
4	2025-04-22 17:58:26.287+05:30	3	Monday - Period 1 (None - None) - Teacher  (Maths)	3		20	1
5	2025-04-22 17:58:26.287+05:30	2	Monday - Period 1 (None - None) - tEACHE (GK)	3		20	1
6	2025-04-23 05:44:37.562+05:30	26	Monday - Period 4 (None - None) (Free)	3		20	1
7	2025-04-23 05:44:37.562+05:30	25	Monday - Period 3 (None - None) (Free)	3		20	1
8	2025-04-23 05:44:37.562+05:30	24	Monday - Period 2 (None - None) (Free)	3		20	1
9	2025-04-23 05:44:37.562+05:30	23	Monday - Period 1 (None - None) (Free)	3		20	1
10	2025-04-23 11:34:13.203+05:30	51	Monday - Period 8 (None - None) (Free)	3		20	1
11	2025-04-23 11:34:13.203+05:30	50	Monday - Period 1 (None - None) (Free)	3		20	1
12	2025-04-23 11:34:13.203+05:30	49	Monday - Period 8 (None - None) (Free)	3		20	1
13	2025-04-23 11:34:13.203+05:30	48	Monday - Period 1 (None - None) (Free)	3		20	1
14	2025-04-24 16:57:48.212+05:30	25	test	3		26	1
15	2025-04-24 16:57:48.212+05:30	24	test	3		26	1
16	2025-04-24 16:57:48.212+05:30	23	sfsd	3		26	1
17	2025-04-24 16:57:48.212+05:30	13	test	3		26	1
18	2025-04-24 18:22:34.306+05:30	27	MediaFile object (27)	3		26	1
\.


--
-- Data for Name: django_content_type; Type: TABLE DATA; Schema: public; Owner: postgres
--

COPY public.django_content_type (id, app_label, model) FROM stdin;
30	school_app	academicyear
31	school_app	holiday
1	admin	logentry
2	auth	permission
3	auth	group
4	auth	user
5	contenttypes	contenttype
6	sessions	session
7	school_app	breakperiod
8	school_app	class
9	school_app	exam
10	school_app	parent
11	school_app	periodtiming
12	school_app	subject
13	school_app	yearlyevent
14	school_app	examdate
15	school_app	student
16	school_app	marks
17	school_app	subsubject
18	school_app	teacher
19	school_app	teacher_subject_class_relation
20	school_app	timetable
21	school_app	examschedule
22	school_app	internalassessment
23	school_app	classsubsubjectassignment
24	school_app	studentattendance
25	school_app	studentsubjectremark
26	school_app	mediafile
27	school_app	skillordevelopmentarea
28	school_app	softskillperformance
29	school_app	syllabusperformance
\.


--
-- Data for Name: django_migrations; Type: TABLE DATA; Schema: public; Owner: postgres
--

COPY public.django_migrations (id, app, name, applied) FROM stdin;
1	contenttypes	0001_initial	2025-05-02 16:52:08.512077+05:30
2	auth	0001_initial	2025-05-02 16:52:08.605806+05:30
3	admin	0001_initial	2025-05-02 16:52:08.631503+05:30
4	admin	0002_logentry_remove_auto_add	2025-05-02 16:52:08.631503+05:30
5	admin	0003_logentry_add_action_flag_choices	2025-05-02 16:52:08.631503+05:30
6	contenttypes	0002_remove_content_type_name	2025-05-02 16:52:08.662751+05:30
7	auth	0002_alter_permission_name_max_length	2025-05-02 16:52:08.662751+05:30
8	auth	0003_alter_user_email_max_length	2025-05-02 16:52:08.678371+05:30
9	auth	0004_alter_user_username_opts	2025-05-02 16:52:08.678371+05:30
10	auth	0005_alter_user_last_login_null	2025-05-02 16:52:08.693994+05:30
11	auth	0006_require_contenttypes_0002	2025-05-02 16:52:08.693994+05:30
12	auth	0007_alter_validators_add_error_messages	2025-05-02 16:52:08.693994+05:30
13	auth	0008_alter_user_username_max_length	2025-05-02 16:52:08.709615+05:30
14	auth	0009_alter_user_last_name_max_length	2025-05-02 16:52:08.709615+05:30
15	auth	0010_alter_group_name_max_length	2025-05-02 16:52:08.725236+05:30
16	auth	0011_update_proxy_permissions	2025-05-02 16:52:08.725236+05:30
17	auth	0012_alter_user_first_name_max_length	2025-05-02 16:52:08.740857+05:30
18	school_app	0001_initial	2025-05-02 16:52:09.085097+05:30
19	school_app	0002_internalassessment_student	2025-05-02 16:52:09.116339+05:30
20	school_app	0003_alter_internalassessment_unique_together_and_more	2025-05-02 16:52:09.163204+05:30
21	school_app	0004_alter_internalassessment_student	2025-05-02 16:52:09.194445+05:30
22	school_app	0005_alter_internalassessment_options_and_more	2025-05-02 16:52:09.225689+05:30
23	school_app	0006_alter_internalassessment_max_marks	2025-05-02 16:52:09.241313+05:30
24	school_app	0007_studentattendance	2025-05-02 16:52:09.272552+05:30
25	school_app	0008_alter_studentattendance_options_and_more	2025-05-02 16:52:09.319416+05:30
26	school_app	0009_teacher_class_teacher_of	2025-05-02 16:52:09.35066+05:30
27	school_app	0010_timetable_subject_timetable_teacher	2025-05-02 16:52:09.381903+05:30
28	school_app	0011_alter_timetable_period	2025-05-02 16:52:09.413179+05:30
29	school_app	0012_mediafile	2025-05-02 16:52:09.428798+05:30
30	school_app	0013_remove_internalassessment_max_marks_and_more	2025-05-02 16:52:09.491251+05:30
31	school_app	0014_skillordevelopmentarea	2025-05-02 16:52:09.522493+05:30
32	school_app	0015_softskillperformance_syllabusperformance	2025-05-02 16:52:09.538115+05:30
33	school_app	0016_skillordevelopmentarea_date	2025-05-02 16:52:09.585021+05:30
34	school_app	0017_rename_date_skillordevelopmentarea_assessment_date_and_more	2025-05-02 16:52:09.616256+05:30
35	school_app	0018_academicyear_holiday	2025-05-02 16:52:09.64193+05:30
36	school_app	0019_class_academic_year	2025-05-02 16:52:09.673181+05:30
37	sessions	0001_initial	2025-05-02 16:52:09.688798+05:30
\.


--
-- Data for Name: django_session; Type: TABLE DATA; Schema: public; Owner: postgres
--

COPY public.django_session (session_key, session_data, expire_date) FROM stdin;
px8f0pocfasxdsn1dfh18kn6vs16jk81	.eJxVjEEOwiAQRe_C2hDAwoBL956BDAwjVUOT0q6Md7dNutDtf-_9t4i4LjWuvcxxJHERWpx-t4T5WdoO6IHtPsk8tWUek9wVedAubxOV1_Vw_w4q9rrVyBi0BSBvguVyHtgM7MgiWE_BgQGnvA2KGRRswBmtWXvnIYHKyOLzBdDuN0A:1uB83f:AtredNAtf0A7cc55zmo7cMhwbffWoAqGKs10PFg5LIM	2025-05-17 13:47:15.530063+05:30
\.


--
-- Data for Name: school_app_academicyear; Type: TABLE DATA; Schema: public; Owner: postgres
--

COPY public.school_app_academicyear (id, name, start_date, end_date) FROM stdin;
\.


--
-- Data for Name: school_app_breakperiod; Type: TABLE DATA; Schema: public; Owner: postgres
--

COPY public.school_app_breakperiod (id, day, period, start_time, end_time, break_type) FROM stdin;
\.


--
-- Data for Name: school_app_class; Type: TABLE DATA; Schema: public; Owner: postgres
--

COPY public.school_app_class (id, name, syllabus, class_teacher_id, academic_year_id) FROM stdin;
1	1st	\N	\N	\N
2	2nd	\N	\N	\N
3	3rd	\N	\N	\N
4	4th	\N	\N	\N
5	5h	\N	\N	\N
6	6th	\N	\N	\N
7	7th	\N	\N	\N
8	8th	\N	\N	\N
9	9th	\N	\N	\N
10	10th	\N	\N	\N
\.


--
-- Data for Name: school_app_classsubsubjectassignment; Type: TABLE DATA; Schema: public; Owner: postgres
--

COPY public.school_app_classsubsubjectassignment (id, school_class_id, subject_id, subsubject_id) FROM stdin;
1	2	1	18
2	2	1	19
3	2	1	20
4	2	1	21
5	2	2	22
6	2	2	23
7	2	2	24
8	2	2	25
\.


--
-- Data for Name: school_app_exam; Type: TABLE DATA; Schema: public; Owner: postgres
--

COPY public.school_app_exam (id, name) FROM stdin;
1	Yearly Exam
2	1st Term
\.


--
-- Data for Name: school_app_examdate; Type: TABLE DATA; Schema: public; Owner: postgres
--

COPY public.school_app_examdate (id, date, exam_id) FROM stdin;
\.


--
-- Data for Name: school_app_examschedule; Type: TABLE DATA; Schema: public; Owner: postgres
--

COPY public.school_app_examschedule (id, date, total_marks, exam_id, school_class_id, subject_id) FROM stdin;
15	2025-04-02	20	1	1	1
16	2025-04-22	30	1	2	1
17	2025-04-20	30	1	2	2
18	2025-04-22	30	1	2	3
19	2025-04-22	45	1	2	4
20	2025-04-24	60	1	2	5
21	2025-04-25	60	1	2	6
22	2025-04-23	40	1	2	8
23	2025-04-24	40	1	2	9
24	2025-04-02	20	1	3	3
25	2025-04-02	20	1	4	4
26	2025-04-02	20	1	5	5
27	2025-04-02	60	1	6	6
28	2025-04-02	60	1	7	7
29	2025-04-02	60	1	8	8
30	2025-04-02	80	1	10	8
31	2025-04-30	11	2	1	1
32	2025-04-01	12	2	1	2
33	2025-04-30	13	2	1	3
34	2025-04-01	12	2	2	1
35	2025-04-29	12	2	2	2
36	2025-04-30	12	2	2	3
37	2025-05-06	12	2	2	4
38	2025-05-06	12	2	2	5
39	2025-05-29	12	2	2	6
40	2025-04-30	12	2	2	8
41	2025-05-01	13	2	2	9
42	2025-04-01	50	2	10	2
43	2025-04-01	50	2	10	4
44	2025-04-01	50	2	10	8
\.


--
-- Data for Name: school_app_holiday; Type: TABLE DATA; Schema: public; Owner: postgres
--

COPY public.school_app_holiday (id, date, reason, academic_year_id) FROM stdin;
\.


--
-- Data for Name: school_app_internalassessment; Type: TABLE DATA; Schema: public; Owner: postgres
--

COPY public.school_app_internalassessment (id, school_class_id, subject_id, subsubject_id, student_id, exam_id, softskill_assessment, syllabus_assessment) FROM stdin;
8	10	1	19	\N	1	\N	\N
9	10	1	18	\N	1	\N	\N
10	10	1	20	\N	1	\N	\N
11	10	1	21	\N	1	\N	\N
12	10	4	14	\N	1	\N	\N
13	10	4	15	\N	1	\N	\N
14	10	5	17	\N	1	\N	\N
15	10	5	16	\N	1	\N	\N
16	10	2	22	\N	1	\N	\N
17	10	2	24	\N	1	\N	\N
18	10	2	23	\N	1	\N	\N
19	10	2	25	\N	1	\N	\N
20	1	1	19	\N	1	\N	\N
21	1	1	18	\N	1	\N	\N
22	1	1	20	\N	1	\N	\N
23	1	1	21	\N	1	\N	\N
24	1	4	14	\N	1	\N	\N
25	1	4	15	\N	1	\N	\N
26	1	5	17	\N	1	\N	\N
27	1	5	16	\N	1	\N	\N
28	1	2	22	\N	1	\N	\N
29	1	2	24	\N	1	\N	\N
30	1	2	23	\N	1	\N	\N
31	1	2	25	\N	1	\N	\N
32	2	1	19	\N	1	\N	\N
33	2	1	18	\N	1	\N	\N
34	2	1	20	\N	1	\N	\N
35	2	1	21	\N	1	\N	\N
36	2	4	14	\N	1	\N	\N
37	2	4	15	\N	1	\N	\N
38	2	5	17	\N	1	\N	\N
39	2	5	16	\N	1	\N	\N
40	2	2	22	\N	1	\N	\N
41	2	2	24	\N	1	\N	\N
42	2	2	23	\N	1	\N	\N
43	2	2	25	\N	1	\N	\N
44	3	1	19	\N	1	\N	\N
45	3	1	18	\N	1	\N	\N
46	3	1	20	\N	1	\N	\N
47	3	1	21	\N	1	\N	\N
48	3	4	14	\N	1	\N	\N
49	3	4	15	\N	1	\N	\N
50	3	5	17	\N	1	\N	\N
51	3	5	16	\N	1	\N	\N
52	3	2	22	\N	1	\N	\N
53	3	2	24	\N	1	\N	\N
54	3	2	23	\N	1	\N	\N
55	3	2	25	\N	1	\N	\N
56	4	1	19	\N	1	\N	\N
57	4	1	18	\N	1	\N	\N
58	4	1	20	\N	1	\N	\N
59	4	1	21	\N	1	\N	\N
60	4	4	14	\N	1	\N	\N
61	4	4	15	\N	1	\N	\N
62	4	5	17	\N	1	\N	\N
63	4	5	16	\N	1	\N	\N
64	4	2	22	\N	1	\N	\N
65	4	2	24	\N	1	\N	\N
66	4	2	23	\N	1	\N	\N
67	4	2	25	\N	1	\N	\N
68	5	1	19	\N	1	\N	\N
69	5	1	18	\N	1	\N	\N
70	5	1	20	\N	1	\N	\N
71	5	1	21	\N	1	\N	\N
72	5	4	14	\N	1	\N	\N
73	5	4	15	\N	1	\N	\N
74	5	5	17	\N	1	\N	\N
75	5	5	16	\N	1	\N	\N
76	5	2	22	\N	1	\N	\N
77	5	2	24	\N	1	\N	\N
78	5	2	23	\N	1	\N	\N
79	5	2	25	\N	1	\N	\N
80	6	1	19	\N	1	\N	\N
81	6	1	18	\N	1	\N	\N
82	6	1	20	\N	1	\N	\N
83	6	1	21	\N	1	\N	\N
84	6	4	14	\N	1	\N	\N
85	6	4	15	\N	1	\N	\N
86	6	5	17	\N	1	\N	\N
87	6	5	16	\N	1	\N	\N
88	6	2	22	\N	1	\N	\N
89	6	2	24	\N	1	\N	\N
90	6	2	23	\N	1	\N	\N
91	6	2	25	\N	1	\N	\N
92	7	1	19	\N	1	\N	\N
93	7	1	18	\N	1	\N	\N
94	7	1	20	\N	1	\N	\N
95	7	1	21	\N	1	\N	\N
96	7	4	14	\N	1	\N	\N
97	7	4	15	\N	1	\N	\N
98	7	5	17	\N	1	\N	\N
99	7	5	16	\N	1	\N	\N
100	7	2	22	\N	1	\N	\N
101	7	2	24	\N	1	\N	\N
102	7	2	23	\N	1	\N	\N
103	7	2	25	\N	1	\N	\N
104	8	1	19	\N	1	\N	\N
105	8	1	18	\N	1	\N	\N
106	8	1	20	\N	1	\N	\N
107	8	1	21	\N	1	\N	\N
108	8	4	14	\N	1	\N	\N
109	8	4	15	\N	1	\N	\N
110	8	5	17	\N	1	\N	\N
111	8	5	16	\N	1	\N	\N
112	8	2	22	\N	1	\N	\N
113	8	2	24	\N	1	\N	\N
114	8	2	23	\N	1	\N	\N
115	8	2	25	\N	1	\N	\N
116	9	1	19	\N	1	\N	\N
117	9	1	18	\N	1	\N	\N
118	9	1	20	\N	1	\N	\N
119	9	1	21	\N	1	\N	\N
120	9	4	14	\N	1	\N	\N
121	9	4	15	\N	1	\N	\N
122	9	5	17	\N	1	\N	\N
123	9	5	16	\N	1	\N	\N
124	9	2	22	\N	1	\N	\N
125	9	2	24	\N	1	\N	\N
126	9	2	23	\N	1	\N	\N
127	9	2	25	\N	1	\N	\N
128	2	1	18	1	1	\N	\N
129	2	1	19	1	1	\N	\N
130	2	1	20	1	1	\N	\N
131	2	1	21	1	1	\N	\N
132	3	1	18	2	1	\N	\N
133	10	1	19	\N	2	\N	\N
134	10	1	18	\N	2	\N	\N
135	10	1	20	\N	2	\N	\N
136	10	1	21	\N	2	\N	\N
137	10	4	14	\N	2	\N	\N
138	10	4	15	\N	2	\N	\N
139	10	5	17	\N	2	\N	\N
140	10	5	16	\N	2	\N	\N
141	10	2	22	\N	2	\N	\N
142	10	2	24	\N	2	\N	\N
143	10	2	23	\N	2	\N	\N
144	10	2	25	\N	2	\N	\N
145	1	1	19	\N	2	\N	\N
146	1	1	18	\N	2	\N	\N
147	1	1	20	\N	2	\N	\N
148	1	1	21	\N	2	\N	\N
149	1	4	14	\N	2	\N	\N
150	1	4	15	\N	2	\N	\N
151	1	5	17	\N	2	\N	\N
152	1	5	16	\N	2	\N	\N
153	1	2	22	\N	2	\N	\N
154	1	2	24	\N	2	\N	\N
155	1	2	23	\N	2	\N	\N
156	1	2	25	\N	2	\N	\N
157	2	1	19	\N	2	\N	\N
158	2	1	18	\N	2	\N	\N
159	2	1	20	\N	2	\N	\N
160	2	1	21	\N	2	\N	\N
161	2	4	14	\N	2	\N	\N
162	2	4	15	\N	2	\N	\N
163	2	5	17	\N	2	\N	\N
164	2	5	16	\N	2	\N	\N
165	2	2	22	\N	2	\N	\N
166	2	2	24	\N	2	\N	\N
167	2	2	23	\N	2	\N	\N
168	2	2	25	\N	2	\N	\N
169	3	1	19	\N	2	\N	\N
170	3	1	18	\N	2	\N	\N
171	3	1	20	\N	2	\N	\N
172	3	1	21	\N	2	\N	\N
173	3	4	14	\N	2	\N	\N
174	3	4	15	\N	2	\N	\N
175	3	5	17	\N	2	\N	\N
176	3	5	16	\N	2	\N	\N
177	3	2	22	\N	2	\N	\N
178	3	2	24	\N	2	\N	\N
179	3	2	23	\N	2	\N	\N
180	3	2	25	\N	2	\N	\N
181	4	1	19	\N	2	\N	\N
182	4	1	18	\N	2	\N	\N
183	4	1	20	\N	2	\N	\N
184	4	1	21	\N	2	\N	\N
185	4	4	14	\N	2	\N	\N
186	4	4	15	\N	2	\N	\N
187	4	5	17	\N	2	\N	\N
188	4	5	16	\N	2	\N	\N
189	4	2	22	\N	2	\N	\N
190	4	2	24	\N	2	\N	\N
191	4	2	23	\N	2	\N	\N
192	4	2	25	\N	2	\N	\N
193	5	1	19	\N	2	\N	\N
194	5	1	18	\N	2	\N	\N
195	5	1	20	\N	2	\N	\N
196	5	1	21	\N	2	\N	\N
197	5	4	14	\N	2	\N	\N
198	5	4	15	\N	2	\N	\N
199	5	5	17	\N	2	\N	\N
200	5	5	16	\N	2	\N	\N
201	5	2	22	\N	2	\N	\N
202	5	2	24	\N	2	\N	\N
203	5	2	23	\N	2	\N	\N
204	5	2	25	\N	2	\N	\N
205	6	1	19	\N	2	\N	\N
206	6	1	18	\N	2	\N	\N
207	6	1	20	\N	2	\N	\N
208	6	1	21	\N	2	\N	\N
209	6	4	14	\N	2	\N	\N
210	6	4	15	\N	2	\N	\N
211	6	5	17	\N	2	\N	\N
212	6	5	16	\N	2	\N	\N
213	6	2	22	\N	2	\N	\N
214	6	2	24	\N	2	\N	\N
215	6	2	23	\N	2	\N	\N
216	6	2	25	\N	2	\N	\N
217	7	1	19	\N	2	\N	\N
218	7	1	18	\N	2	\N	\N
219	7	1	20	\N	2	\N	\N
220	7	1	21	\N	2	\N	\N
221	7	4	14	\N	2	\N	\N
222	7	4	15	\N	2	\N	\N
223	7	5	17	\N	2	\N	\N
224	7	5	16	\N	2	\N	\N
225	7	2	22	\N	2	\N	\N
226	7	2	24	\N	2	\N	\N
227	7	2	23	\N	2	\N	\N
228	7	2	25	\N	2	\N	\N
229	8	1	19	\N	2	\N	\N
230	8	1	18	\N	2	\N	\N
231	8	1	20	\N	2	\N	\N
232	8	1	21	\N	2	\N	\N
233	8	4	14	\N	2	\N	\N
234	8	4	15	\N	2	\N	\N
235	8	5	17	\N	2	\N	\N
236	8	5	16	\N	2	\N	\N
237	8	2	22	\N	2	\N	\N
238	8	2	24	\N	2	\N	\N
239	8	2	23	\N	2	\N	\N
240	8	2	25	\N	2	\N	\N
241	9	1	19	\N	2	\N	\N
242	9	1	18	\N	2	\N	\N
243	9	1	20	\N	2	\N	\N
244	9	1	21	\N	2	\N	\N
245	9	4	14	\N	2	\N	\N
246	9	4	15	\N	2	\N	\N
247	9	5	17	\N	2	\N	\N
248	9	5	16	\N	2	\N	\N
249	9	2	22	\N	2	\N	\N
250	9	2	24	\N	2	\N	\N
251	9	2	23	\N	2	\N	\N
252	9	2	25	\N	2	\N	\N
\.


--
-- Data for Name: school_app_marks; Type: TABLE DATA; Schema: public; Owner: postgres
--

COPY public.school_app_marks (id, marks_obtained, total_obtained_marks, remarks, exam_id, student_id, subject_id) FROM stdin;
1	34	\N	\N	1	1	1
2	25	\N	\N	1	1	2
3	24	\N	\N	1	1	3
4	40	\N	\N	1	1	4
5	25	\N	\N	1	1	8
6	3	\N	Need improvment	1	1	9
7	44	\N	\N	1	1	5
8	46	\N	\N	1	1	6
9	20	\N	\N	1	2	1
10	20	\N	\N	1	3	1
11	1	\N	\N	1	3	2
12	34	\N	\N	1	1	1
13	25	\N	\N	1	1	2
14	24	\N	\N	1	1	3
15	40	\N	\N	1	1	4
16	44	\N	\N	1	1	5
17	46	\N	\N	1	1	6
18	25	\N	\N	1	1	8
19	3	\N	\N	1	1	9
20	20	\N	\N	1	3	1
21	1	\N	\N	1	3	2
22	1	\N	\N	1	3	3
23	34	\N	\N	1	1	1
24	25	\N	\N	1	1	2
25	24	\N	\N	1	1	3
26	40	\N	\N	1	1	4
27	44	\N	\N	1	1	5
28	46	\N	\N	1	1	6
29	25	\N	\N	1	1	8
30	3	\N	\N	1	1	9
31	20	\N	\N	1	3	1
32	1	\N	\N	1	3	2
33	1	\N	\N	1	3	3
34	12	\N	\N	1	4	2
35	34	\N	\N	1	1	1
36	25	\N	\N	1	1	2
37	24	\N	\N	1	1	3
38	40	\N	\N	1	1	4
39	44	\N	\N	1	1	5
40	46	\N	\N	1	1	6
41	25	\N	\N	1	1	8
42	3	\N	\N	1	1	9
43	20	\N	\N	1	3	1
44	1	\N	\N	1	3	2
45	1	\N	\N	1	3	3
46	21	\N	\N	1	3	4
47	12	\N	\N	1	4	2
48	22	\N	\N	1	4	5
49	34	\N	\N	1	1	1
50	25	\N	\N	1	1	2
51	24	\N	\N	1	1	3
52	40	\N	\N	1	1	4
53	44	\N	\N	1	1	5
54	46	\N	\N	1	1	6
55	25	\N	\N	1	1	8
56	3	\N	\N	1	1	9
57	20	\N	\N	1	3	1
58	1	\N	\N	1	3	2
59	1	\N	\N	1	3	3
60	21	\N	\N	1	3	4
61	12	\N	\N	1	4	2
62	22	\N	\N	1	4	5
63	34	\N	\N	1	1	1
64	25	\N	\N	1	1	2
65	24	\N	\N	1	1	3
66	40	\N	\N	1	1	4
67	44	\N	\N	1	1	5
68	46	\N	\N	1	1	6
69	25	\N	\N	1	1	8
70	3	\N	\N	1	1	9
71	20	\N	\N	1	3	1
72	1	\N	\N	1	3	2
73	1	\N	\N	1	3	3
74	21	\N	\N	1	3	4
75	12	\N	\N	1	4	2
76	22	\N	\N	1	4	5
77	34	\N	\N	1	1	1
78	25	\N	\N	1	1	2
79	24	\N	\N	1	1	3
80	40	\N	\N	1	1	4
81	44	\N	\N	1	1	5
82	46	\N	\N	1	1	6
83	25	\N	\N	1	1	8
84	3	\N	\N	1	1	9
85	20	\N	\N	1	3	1
86	1	\N	\N	1	3	2
87	1	\N	\N	1	3	3
88	21	\N	\N	1	3	4
89	12	\N	\N	1	4	2
90	22	\N	\N	1	4	5
91	34	\N	\N	1	1	1
92	25	\N	\N	1	1	2
93	24	\N	\N	1	1	3
94	40	\N	\N	1	1	4
95	44	\N	\N	1	1	5
96	46	\N	\N	1	1	6
97	25	\N	\N	1	1	8
98	3	\N	\N	1	1	9
99	20	\N	\N	1	3	1
100	1	\N	\N	1	3	2
101	1	\N	\N	1	3	3
102	21	\N	\N	1	3	4
103	12	\N	\N	1	4	2
104	22	\N	\N	1	4	5
105	34	\N	\N	1	1	1
106	25	\N	\N	1	1	2
107	24	\N	\N	1	1	3
108	40	\N	\N	1	1	4
109	44	\N	\N	1	1	5
110	46	\N	\N	1	1	6
111	25	\N	\N	1	1	8
112	3	\N	\N	1	1	9
113	20	\N	\N	1	3	1
114	1	\N	\N	1	3	2
115	1	\N	\N	1	3	3
116	21	\N	\N	1	3	4
117	12	\N	\N	1	4	2
118	22	\N	\N	1	4	5
119	34	\N	\N	1	1	1
120	25	\N	\N	1	1	2
121	24	\N	\N	1	1	3
122	40	\N	\N	1	1	4
123	44	\N	\N	1	1	5
124	46	\N	\N	1	1	6
125	25	\N	\N	1	1	8
126	3	\N	\N	1	1	9
127	20	\N	\N	1	3	1
128	1	\N	\N	1	3	2
129	1	\N	\N	1	3	3
130	21	\N	\N	1	3	4
131	12	\N	\N	1	4	2
132	22	\N	\N	1	4	5
133	34	\N	\N	1	1	1
134	25	\N	\N	1	1	2
135	24	\N	\N	1	1	3
136	40	\N	\N	1	1	4
137	44	\N	\N	1	1	5
138	46	\N	\N	1	1	6
139	25	\N	\N	1	1	8
140	3	\N	\N	1	1	9
141	20	\N	\N	1	3	1
142	1	\N	\N	1	3	2
143	1	\N	\N	1	3	3
144	21	\N	\N	1	3	4
145	12	\N	\N	1	4	2
146	22	\N	\N	1	4	5
147	34	\N	\N	1	1	1
148	25	\N	\N	1	1	2
149	24	\N	\N	1	1	3
150	40	\N	\N	1	1	4
151	44	\N	\N	1	1	5
152	46	\N	\N	1	1	6
153	25	\N	\N	1	1	8
154	3	\N	\N	1	1	9
155	20	\N	\N	1	3	1
156	1	\N	\N	1	3	2
157	1	\N	\N	1	3	3
158	21	\N	\N	1	3	4
159	12	\N	\N	1	4	2
160	22	\N	\N	1	4	5
161	34	\N	\N	1	1	1
162	25	\N	\N	1	1	2
163	24	\N	\N	1	1	3
164	40	\N	\N	1	1	4
165	44	\N	\N	1	1	5
166	46	\N	\N	1	1	6
167	25	\N	\N	1	1	8
168	3	\N	\N	1	1	9
169	20	\N	\N	1	3	1
170	1	\N	\N	1	3	2
171	1	\N	\N	1	3	3
172	21	\N	\N	1	3	4
173	1	\N	\N	1	3	5
174	12	\N	\N	1	4	2
175	22	\N	\N	1	4	5
176	1	\N	\N	1	3	1
177	34	\N	\N	1	1	1
178	25	\N	\N	1	1	2
179	24	\N	\N	1	1	3
180	40	\N	\N	1	1	4
181	44	\N	\N	1	1	5
182	46	\N	\N	1	1	6
183	25	\N	\N	1	1	8
184	3	\N	\N	1	1	9
185	1	\N	\N	1	3	1
186	1	\N	\N	1	3	2
187	1	\N	\N	1	3	3
188	21	\N	\N	1	3	4
189	1	\N	\N	1	3	5
190	12	\N	\N	1	4	2
191	22	\N	\N	1	4	5
192	34	\N	\N	1	1	1
193	25	\N	\N	1	1	2
194	24	\N	\N	1	1	3
195	40	\N	\N	1	1	4
196	44	\N	\N	1	1	5
197	46	\N	\N	1	1	6
198	25	\N	\N	1	1	8
199	3	\N	\N	1	1	9
200	1	\N	\N	1	3	1
201	1	\N	\N	1	3	2
202	1	\N	\N	1	3	3
203	21	\N	\N	1	3	4
204	1	\N	\N	1	3	5
205	12	\N	\N	1	4	2
206	22	\N	\N	1	4	5
207	34	\N	\N	1	1	1
208	25	\N	\N	1	1	2
209	24	\N	\N	1	1	3
210	40	\N	\N	1	1	4
211	44	\N	\N	1	1	5
212	46	\N	\N	1	1	6
213	25	\N	\N	1	1	8
214	3	\N	\N	1	1	9
215	1	\N	\N	1	3	1
216	1	\N	\N	1	3	2
217	1	\N	\N	1	3	3
218	21	\N	\N	1	3	4
219	1	\N	\N	1	3	5
220	12	\N	\N	1	4	2
221	1	\N	\N	1	4	3
222	22	\N	\N	1	4	5
223	11	\N	\N	2	1	1
224	11	\N	\N	2	1	2
225	11	\N	\N	2	1	3
226	5	\N	\N	2	1	4
227	1	\N	\N	2	1	5
228	3	\N	\N	2	1	6
229	1	\N	\N	2	1	8
230	1	\N	\N	2	1	9
231	11	\N	\N	2	3	1
232	1	\N	\N	2	3	2
233	1	\N	\N	2	3	3
234	1	\N	\N	2	3	4
235	11	\N	\N	2	3	5
236	2	\N	\N	2	3	6
237	1	\N	\N	2	3	8
238	1	\N	\N	2	3	9
239	1	\N	\N	2	4	1
240	1	\N	\N	2	4	2
241	1	\N	\N	2	4	3
242	10	\N	\N	2	4	4
243	10	\N	\N	2	4	5
244	10	\N	\N	2	4	6
245	10	\N	\N	2	4	8
246	10	\N	\N	2	4	9
247	10	\N	\N	2	5	1
248	10	\N	\N	2	5	2
249	10	\N	\N	2	5	3
250	10	\N	\N	2	5	4
251	10	\N	\N	2	5	5
252	10	\N	\N	2	5	6
253	10	\N	\N	2	5	8
254	10	\N	\N	2	5	9
255	25	\N	\N	2	6	2
256	23	\N	\N	2	6	4
257	23	\N	\N	2	6	8
\.


--
-- Data for Name: school_app_mediafile; Type: TABLE DATA; Schema: public; Owner: postgres
--

COPY public.school_app_mediafile (id, title, description, file, media_type, category, uploaded_at) FROM stdin;
28	test	test	uploads/cropped_image.jpg	image	test	2025-04-24 18:11:02.926+05:30
29	test	dis	uploads/cropped_image_IixvyST.jpg	image	testd	2025-04-24 18:22:08.2+05:30
30	tstdfsdf	rtse	uploads/cropped_image_UUkDmhi.jpg	image	sgrg	2025-04-25 06:28:44.12+05:30
31	fds	sdfsd	uploads/cropped_image_wSy9CoC.jpg	image	sdfsd	2025-04-25 06:29:13.722+05:30
32	dsdffsdfsf	ewrwer	uploads/cropped_image_JQP3Kap.jpg	image	erwer	2025-04-25 06:29:45.76+05:30
\.


--
-- Data for Name: school_app_parent; Type: TABLE DATA; Schema: public; Owner: postgres
--

COPY public.school_app_parent (id, name, username, password, phone, aadhar, email, address, last_login) FROM stdin;
1	123234234 qwerefsfw24	p5171	pbkdf2_sha256$870000$VAzwsAamgdLE4NQfgZY311$AihPZghox/h0yWe4RAks0rM+QK9rROzyfwAQKwy62zk=	0242442432544	34234	\N	12312 1232EB	\N
2	parent	p9106	pbkdf2_sha256$870000$lb8qa5jOABvdPsXOPDRDye$gpt89sUbEekSrmWPHpboo4JkoHO603ZO+A1IMjSTeS0=	23423	123123123	\N	dsfdf werwae	\N
3	tes parer	p9744	pbkdf2_sha256$870000$yKMl9z0gDtZP1HZWsftL5o$QeGdvIfzsO4hSdnHujJ5ln931dqdnPQbFUdU+3EEjkM=	23234234	123434	\N	ciama	\N
4	tes parernts	p2182	pbkdf2_sha256$870000$4FORGQkhClitCIq0dbY8uJ$0ks9t5WQJNtb4jj7WvV32pj5dip8Y+D2Sxplra0gPFw=	32323423	121221212	\N	dsffsdfsdff	\N
5	vima	p6290	pbkdf2_sha256$870000$cLvYe67A0s71xCcwtIOOkR$5JRlrSbjo5cDyrR31PhC00+iUkpXAXAUQcLbknvpplA=	12313123	12	\N	1231 dsbnd	\N
\.


--
-- Data for Name: school_app_periodtiming; Type: TABLE DATA; Schema: public; Owner: postgres
--

COPY public.school_app_periodtiming (id, period, default_start_time, default_end_time) FROM stdin;
\.


--
-- Data for Name: school_app_skillordevelopmentarea; Type: TABLE DATA; Schema: public; Owner: postgres
--

COPY public.school_app_skillordevelopmentarea (id, syllabus_assessment, softskill_assessment, created_at, updated_at, school_class_id, student_id, subject_id, assessment_date) FROM stdin;
1	Need to concentrate	Ka ka ki kee	2025-04-29 14:03:45.231+05:30	2025-04-30 11:50:06.067+05:30	2	1	1	2025-04-30
2	test		2025-04-29 14:03:45.244+05:30	2025-04-30 11:50:06.075+05:30	2	1	2	2025-04-30
3			2025-04-29 14:03:45.253+05:30	2025-04-30 11:50:06.082+05:30	2	1	3	2025-04-30
4			2025-04-29 14:03:45.265+05:30	2025-04-30 11:50:06.095+05:30	2	1	4	2025-04-30
5			2025-04-29 14:03:45.274+05:30	2025-04-30 11:50:06.105+05:30	2	1	5	2025-04-30
6			2025-04-29 14:03:45.281+05:30	2025-04-30 11:50:06.115+05:30	2	1	6	2025-04-30
7			2025-04-29 14:03:45.29+05:30	2025-04-30 11:50:06.127+05:30	2	1	8	2025-04-30
8			2025-04-29 14:03:45.299+05:30	2025-04-30 11:50:06.138+05:30	2	1	9	2025-04-30
9			2025-04-29 14:03:45.307+05:30	2025-04-30 11:50:06.149+05:30	2	3	1	2025-04-30
10			2025-04-29 14:03:45.314+05:30	2025-04-30 11:50:06.158+05:30	2	3	2	2025-04-30
11			2025-04-29 14:03:45.32+05:30	2025-04-30 11:50:06.169+05:30	2	3	3	2025-04-30
12			2025-04-29 14:03:45.33+05:30	2025-04-30 11:50:06.18+05:30	2	3	4	2025-04-30
13			2025-04-29 14:03:45.336+05:30	2025-04-30 11:50:06.191+05:30	2	3	5	2025-04-30
14			2025-04-29 14:03:45.344+05:30	2025-04-30 11:50:06.2+05:30	2	3	6	2025-04-30
15			2025-04-29 14:03:45.35+05:30	2025-04-30 11:50:06.21+05:30	2	3	8	2025-04-30
16			2025-04-29 14:03:45.359+05:30	2025-04-30 11:50:06.219+05:30	2	3	9	2025-04-30
17			2025-04-29 14:03:45.366+05:30	2025-04-30 11:50:06.23+05:30	2	4	1	2025-04-30
18			2025-04-29 14:03:45.372+05:30	2025-04-30 11:50:06.243+05:30	2	4	2	2025-04-30
19			2025-04-29 14:03:45.379+05:30	2025-04-30 11:50:06.251+05:30	2	4	3	2025-04-30
20			2025-04-29 14:03:45.385+05:30	2025-04-30 11:50:06.262+05:30	2	4	4	2025-04-30
21			2025-04-29 14:03:45.394+05:30	2025-04-30 11:50:06.273+05:30	2	4	5	2025-04-30
22			2025-04-29 14:03:45.4+05:30	2025-04-30 11:50:06.282+05:30	2	4	6	2025-04-30
23			2025-04-29 14:03:45.409+05:30	2025-04-30 11:50:06.295+05:30	2	4	8	2025-04-30
24			2025-04-29 14:03:45.414+05:30	2025-04-30 11:50:06.307+05:30	2	4	9	2025-04-30
25			2025-04-29 14:03:45.42+05:30	2025-04-30 11:50:06.317+05:30	2	5	1	2025-04-30
26			2025-04-29 14:03:45.429+05:30	2025-04-30 11:50:06.326+05:30	2	5	2	2025-04-30
27			2025-04-29 14:03:45.435+05:30	2025-04-30 11:50:06.336+05:30	2	5	3	2025-04-30
28			2025-04-29 14:03:45.444+05:30	2025-04-30 11:50:06.346+05:30	2	5	4	2025-04-30
29			2025-04-29 14:03:45.451+05:30	2025-04-30 11:50:06.355+05:30	2	5	5	2025-04-30
30			2025-04-29 14:03:45.458+05:30	2025-04-30 11:50:06.365+05:30	2	5	6	2025-04-30
31			2025-04-29 14:03:45.465+05:30	2025-04-30 11:50:06.376+05:30	2	5	8	2025-04-30
32			2025-04-29 14:03:45.473+05:30	2025-04-30 11:50:06.385+05:30	2	5	9	2025-04-30
33	Need to concentrate	Ka ka ki kee	2025-05-01 07:22:20.721+05:30	2025-05-01 07:22:20.721+05:30	2	1	1	2025-05-01
34	test		2025-05-01 07:22:20.73+05:30	2025-05-01 07:22:20.731+05:30	2	1	2	2025-05-01
35			2025-05-01 07:22:20.738+05:30	2025-05-01 07:22:20.738+05:30	2	1	3	2025-05-01
36			2025-05-01 07:22:20.745+05:30	2025-05-01 07:22:20.745+05:30	2	1	4	2025-05-01
37			2025-05-01 07:22:20.752+05:30	2025-05-01 07:22:20.752+05:30	2	1	5	2025-05-01
38			2025-05-01 07:22:20.758+05:30	2025-05-01 07:22:20.758+05:30	2	1	6	2025-05-01
39			2025-05-01 07:22:20.758+05:30	2025-05-01 07:22:20.758+05:30	2	1	8	2025-05-01
40			2025-05-01 07:22:20.758+05:30	2025-05-01 07:22:20.758+05:30	2	1	9	2025-05-01
41	Need to concentrate		2025-05-01 07:22:20.776+05:30	2025-05-01 07:22:20.776+05:30	2	3	1	2025-05-01
42			2025-05-01 07:22:20.776+05:30	2025-05-01 07:22:20.776+05:30	2	3	2	2025-05-01
43			2025-05-01 07:22:20.793+05:30	2025-05-01 07:22:20.793+05:30	2	3	3	2025-05-01
44			2025-05-01 07:22:20.8+05:30	2025-05-01 07:22:20.8+05:30	2	3	4	2025-05-01
45			2025-05-01 07:22:20.806+05:30	2025-05-01 07:22:20.806+05:30	2	3	5	2025-05-01
46			2025-05-01 07:22:20.813+05:30	2025-05-01 07:22:20.813+05:30	2	3	6	2025-05-01
47			2025-05-01 07:22:20.819+05:30	2025-05-01 07:22:20.819+05:30	2	3	8	2025-05-01
48			2025-05-01 07:22:20.824+05:30	2025-05-01 07:22:20.824+05:30	2	3	9	2025-05-01
49			2025-05-01 07:22:20.824+05:30	2025-05-01 07:22:20.824+05:30	2	4	1	2025-05-01
50			2025-05-01 07:22:20.824+05:30	2025-05-01 07:22:20.824+05:30	2	4	2	2025-05-01
51			2025-05-01 07:22:20.842+05:30	2025-05-01 07:22:20.842+05:30	2	4	3	2025-05-01
52			2025-05-01 07:22:20.842+05:30	2025-05-01 07:22:20.842+05:30	2	4	4	2025-05-01
53			2025-05-01 07:22:20.842+05:30	2025-05-01 07:22:20.842+05:30	2	4	5	2025-05-01
54			2025-05-01 07:22:20.863+05:30	2025-05-01 07:22:20.863+05:30	2	4	6	2025-05-01
55			2025-05-01 07:22:20.868+05:30	2025-05-01 07:22:20.868+05:30	2	4	8	2025-05-01
56			2025-05-01 07:22:20.875+05:30	2025-05-01 07:22:20.875+05:30	2	4	9	2025-05-01
57			2025-05-01 07:22:20.881+05:30	2025-05-01 07:22:20.881+05:30	2	5	1	2025-05-01
58			2025-05-01 07:22:20.887+05:30	2025-05-01 07:22:20.887+05:30	2	5	2	2025-05-01
59			2025-05-01 07:22:20.891+05:30	2025-05-01 07:22:20.891+05:30	2	5	3	2025-05-01
60			2025-05-01 07:22:20.891+05:30	2025-05-01 07:22:20.891+05:30	2	5	4	2025-05-01
61			2025-05-01 07:22:20.891+05:30	2025-05-01 07:22:20.891+05:30	2	5	5	2025-05-01
62			2025-05-01 07:22:20.909+05:30	2025-05-01 07:22:20.909+05:30	2	5	6	2025-05-01
63			2025-05-01 07:22:20.909+05:30	2025-05-01 07:22:20.909+05:30	2	5	8	2025-05-01
64			2025-05-01 07:22:20.909+05:30	2025-05-01 07:22:20.909+05:30	2	5	9	2025-05-01
\.


--
-- Data for Name: school_app_softskillperformance; Type: TABLE DATA; Schema: public; Owner: postgres
--

COPY public.school_app_softskillperformance (id, name) FROM stdin;
1	Ka ka ki kee
2	Hard word
\.


--
-- Data for Name: school_app_student; Type: TABLE DATA; Schema: public; Owner: postgres
--

COPY public.school_app_student (id, name, aadhar, pen, email, phone, address, roll_number, role, category, assigned_class_id, parent_id) FROM stdin;
1	123234234 qwerefsfw	34234	\N	\N	0242442432544	12312 1232EB	C2-001	\N	OBC	2	1
2	student 3	123123123	\N	\N	23423	dsfdf werwae	C3-001	\N	OBC	3	2
3	Apar	123434	\N	\N	23234234	ciama	C2-002	\N	General	2	3
4	Ranveer	121221212	\N	\N	32323423	dsffsdfsdff	C2-003	\N	General	2	4
5	Apar	12343423	\N	\N	23234234	sdffsd	C2-004	\N	General	2	3
6	ninth test	12	\N	\N	12313123	1231 dsbnd	C10-001	\N	ST	10	5
\.


--
-- Data for Name: school_app_studentattendance; Type: TABLE DATA; Schema: public; Owner: postgres
--

COPY public.school_app_studentattendance (id, date, status, school_class_id, student_id) FROM stdin;
1	2025-04-18	Present	2	1
2	2025-04-18	Present	3	2
\.


--
-- Data for Name: school_app_studentsubjectremark; Type: TABLE DATA; Schema: public; Owner: postgres
--

COPY public.school_app_studentsubjectremark (id, remark, exam_id, student_id, subject_id) FROM stdin;
1	sdfsdf	1	1	1
2	sdfs	1	1	9
3	sdfsdf	1	1	1
4	sdfs	1	1	9
5	test	1	3	2
6	sdfsdf	1	1	1
7	sdfs	1	1	9
8	test	1	3	2
9	tests	1	4	6
10	sdfsdf	1	1	1
11	sdfs	1	1	9
12	test	1	3	2
13	tests	1	4	6
14	sdfsdf	1	1	1
15	sdfs	1	1	9
16	test	1	3	2
17	tests	1	4	6
18	sdfsdf	1	1	1
19	sdfs	1	1	9
20	test	1	3	2
21	tests	1	4	6
22	sdfsdf	1	1	1
23	sdfs	1	1	9
24	test	1	3	2
25	tests	1	4	6
26	sdfsdf	1	1	1
27	sdfs	1	1	9
28	test	1	3	2
29	tests	1	4	6
30	sdfsdf	1	1	1
31	sdfs	1	1	9
32	test	1	3	2
33	tests	1	4	6
34	sdfsdf	1	1	1
35	sdfs	1	1	9
36	test	1	3	2
37	tests	1	4	6
38	sdfsdf	1	1	1
39	test	1	1	2
40	sdfs	1	1	9
41	test	1	3	2
42	tests	1	4	6
43	sdfsdf	1	1	1
44	test	1	1	2
45	sdfs	1	1	9
46	test	1	3	2
47	tests	1	4	6
48	sdfsdf	1	1	1
49	test	1	1	2
50	sdfs	1	1	9
51	test	1	3	2
52	tests	1	4	6
53	sdfsdf	1	1	1
54	test	1	1	2
55	sdfs	1	1	9
56	test	1	3	2
57	tests	1	4	6
58	sdfsdf	1	1	1
59	test	1	1	2
60	sdfs	1	1	9
61	test	1	3	2
62	tests	1	4	6
\.


--
-- Data for Name: school_app_subject; Type: TABLE DATA; Schema: public; Owner: postgres
--

COPY public.school_app_subject (id, name) FROM stdin;
1	ENG
2	Marathi
3	Hindi
4	GK
5	IT
6	EVS/SCI
7	S.st
8	Maths
9	English
\.


--
-- Data for Name: school_app_subsubject; Type: TABLE DATA; Schema: public; Owner: postgres
--

COPY public.school_app_subsubject (id, name, subject_id) FROM stdin;
14	Observation	4
15	Sci.Temp	4
16	Pract.	5
17	Observation	5
18	Read	1
19	Listen	1
20	Speak	1
21	Write	1
22	Listen	2
23	Speak	2
24	Read	2
25	Write	2
\.


--
-- Data for Name: school_app_syllabusperformance; Type: TABLE DATA; Schema: public; Owner: postgres
--

COPY public.school_app_syllabusperformance (id, name) FROM stdin;
1	Need to concentrate
2	test
\.


--
-- Data for Name: school_app_teacher; Type: TABLE DATA; Schema: public; Owner: postgres
--

COPY public.school_app_teacher (id, name, email, phone, employee_id, login_id, password, is_class_teacher, extra_skills, is_absent, max_teaching_periods, class_teacher_of_id) FROM stdin;
1	Teacher 28	\N	12222222	\N	T00001	\N	f	\N	f	6	\N
2	teacher 1	\N	13442	\N	T00002	\N	f	\N	f	6	\N
3	Teacher 3	\N	54555	\N	T00003	\N	f	\N	f	6	\N
4	tEACHE	\N	4234	\N	T00004	\N	f	\N	f	6	\N
5	Teacher 	\N	322344	\N	T00005	\N	f	\N	f	6	\N
\.


--
-- Data for Name: school_app_teacher_assigned_classes; Type: TABLE DATA; Schema: public; Owner: postgres
--

COPY public.school_app_teacher_assigned_classes (id, teacher_id, class_id) FROM stdin;
\.


--
-- Data for Name: school_app_teacher_subject_class_relation; Type: TABLE DATA; Schema: public; Owner: postgres
--

COPY public.school_app_teacher_subject_class_relation (id, is_priority_substitute, last_login, subject_id, teacher_id) FROM stdin;
1	f	\N	1	\N
2	f	\N	2	\N
3	f	\N	3	\N
4	f	\N	4	\N
5	f	\N	5	\N
6	f	\N	6	\N
7	f	\N	8	\N
8	f	\N	7	\N
9	f	\N	1	1
10	f	\N	2	1
11	f	\N	3	1
12	f	\N	6	1
14	f	\N	2	3
15	f	\N	4	4
16	f	\N	8	5
17	f	\N	9	\N
\.


--
-- Data for Name: school_app_teacher_subject_class_relation_assigned_classes; Type: TABLE DATA; Schema: public; Owner: postgres
--

COPY public.school_app_teacher_subject_class_relation_assigned_classes (id, teacher_subject_class_relation_id, class_id) FROM stdin;
1	1	1
2	1	2
3	1	3
4	1	4
5	1	5
6	1	6
7	1	7
8	1	8
9	1	9
10	2	1
11	2	2
12	2	3
13	2	4
14	2	5
15	2	6
16	2	7
17	2	8
18	2	9
19	3	1
20	3	2
21	3	3
22	3	4
23	3	5
24	3	6
25	3	7
26	3	8
27	3	9
28	4	1
29	4	2
30	4	3
31	4	4
32	4	5
33	5	1
34	5	2
35	5	3
36	5	4
37	5	5
38	5	6
39	5	7
40	5	8
41	6	1
42	6	2
43	6	3
44	6	4
45	6	5
46	6	6
47	6	7
48	6	8
49	6	9
50	7	2
51	7	3
52	7	4
53	7	5
54	7	6
55	7	7
56	7	8
57	7	9
58	8	8
59	8	9
60	8	6
61	8	7
62	9	1
63	9	2
64	9	3
65	9	4
66	9	5
67	10	1
68	10	2
69	10	3
70	10	4
71	10	5
72	11	1
73	11	2
74	11	3
75	11	4
76	11	5
77	12	1
78	12	2
79	12	3
80	12	4
81	12	5
82	14	6
83	14	7
84	14	8
85	14	9
86	14	10
87	15	1
88	15	2
89	15	3
90	15	4
91	15	5
92	15	6
93	15	7
94	15	8
95	15	9
96	15	10
97	16	1
98	16	2
99	16	3
100	16	4
101	16	5
102	16	6
103	16	7
104	16	8
105	16	9
106	16	10
107	17	2
\.


--
-- Data for Name: school_app_teacher_subjects; Type: TABLE DATA; Schema: public; Owner: postgres
--

COPY public.school_app_teacher_subjects (id, teacher_id, subject_id) FROM stdin;
\.


--
-- Data for Name: school_app_timetable; Type: TABLE DATA; Schema: public; Owner: postgres
--

COPY public.school_app_timetable (id, day, date, period, start_time, end_time, is_break, class_obj_id, teacher_subject_id, subject_id, teacher_id) FROM stdin;
56	Tuesday	\N	1	\N	\N	f	1	\N	1	1
57	Tuesday	\N	2	\N	\N	f	1	\N	1	1
58	Tuesday	\N	8	\N	\N	f	1	\N	1	1
59	Tuesday	\N	1	\N	\N	f	2	\N	2	1
60	Tuesday	\N	2	\N	\N	f	2	\N	4	4
61	Tuesday	\N	3	\N	\N	f	2	\N	6	1
\.


--
-- Data for Name: school_app_yearlyevent; Type: TABLE DATA; Schema: public; Owner: postgres
--

COPY public.school_app_yearlyevent (id, title, category, start_date, end_date) FROM stdin;
1	first term	Academic	2025-05-02	2025-10-25
3	Anul exam	exam	2026-03-02	2026-04-01
4	first half exam	exam	2025-09-02	2025-09-30
\.


--
-- Name: auth_group_id_seq; Type: SEQUENCE SET; Schema: public; Owner: postgres
--

SELECT pg_catalog.setval('public.auth_group_id_seq', 1, false);


--
-- Name: auth_group_permissions_id_seq; Type: SEQUENCE SET; Schema: public; Owner: postgres
--

SELECT pg_catalog.setval('public.auth_group_permissions_id_seq', 1, false);


--
-- Name: auth_permission_id_seq; Type: SEQUENCE SET; Schema: public; Owner: postgres
--

SELECT pg_catalog.setval('public.auth_permission_id_seq', 124, true);


--
-- Name: auth_user_groups_id_seq; Type: SEQUENCE SET; Schema: public; Owner: postgres
--

SELECT pg_catalog.setval('public.auth_user_groups_id_seq', 1, false);


--
-- Name: auth_user_id_seq; Type: SEQUENCE SET; Schema: public; Owner: postgres
--

SELECT pg_catalog.setval('public.auth_user_id_seq', 1, true);


--
-- Name: auth_user_user_permissions_id_seq; Type: SEQUENCE SET; Schema: public; Owner: postgres
--

SELECT pg_catalog.setval('public.auth_user_user_permissions_id_seq', 1, false);


--
-- Name: django_admin_log_id_seq; Type: SEQUENCE SET; Schema: public; Owner: postgres
--

SELECT pg_catalog.setval('public.django_admin_log_id_seq', 18, true);


--
-- Name: django_content_type_id_seq; Type: SEQUENCE SET; Schema: public; Owner: postgres
--

SELECT pg_catalog.setval('public.django_content_type_id_seq', 31, true);


--
-- Name: django_migrations_id_seq; Type: SEQUENCE SET; Schema: public; Owner: postgres
--

SELECT pg_catalog.setval('public.django_migrations_id_seq', 37, true);


--
-- Name: school_app_academicyear_id_seq; Type: SEQUENCE SET; Schema: public; Owner: postgres
--

SELECT pg_catalog.setval('public.school_app_academicyear_id_seq', 1, false);


--
-- Name: school_app_breakperiod_id_seq; Type: SEQUENCE SET; Schema: public; Owner: postgres
--

SELECT pg_catalog.setval('public.school_app_breakperiod_id_seq', 1, false);


--
-- Name: school_app_class_id_seq; Type: SEQUENCE SET; Schema: public; Owner: postgres
--

SELECT pg_catalog.setval('public.school_app_class_id_seq', 10, true);


--
-- Name: school_app_classsubsubjectassignment_id_seq; Type: SEQUENCE SET; Schema: public; Owner: postgres
--

SELECT pg_catalog.setval('public.school_app_classsubsubjectassignment_id_seq', 8, true);


--
-- Name: school_app_exam_id_seq; Type: SEQUENCE SET; Schema: public; Owner: postgres
--

SELECT pg_catalog.setval('public.school_app_exam_id_seq', 2, true);


--
-- Name: school_app_examdate_id_seq; Type: SEQUENCE SET; Schema: public; Owner: postgres
--

SELECT pg_catalog.setval('public.school_app_examdate_id_seq', 1, false);


--
-- Name: school_app_examschedule_id_seq; Type: SEQUENCE SET; Schema: public; Owner: postgres
--

SELECT pg_catalog.setval('public.school_app_examschedule_id_seq', 44, true);


--
-- Name: school_app_holiday_id_seq; Type: SEQUENCE SET; Schema: public; Owner: postgres
--

SELECT pg_catalog.setval('public.school_app_holiday_id_seq', 1, false);


--
-- Name: school_app_internalassessment_id_seq; Type: SEQUENCE SET; Schema: public; Owner: postgres
--

SELECT pg_catalog.setval('public.school_app_internalassessment_id_seq', 252, true);


--
-- Name: school_app_marks_id_seq; Type: SEQUENCE SET; Schema: public; Owner: postgres
--

SELECT pg_catalog.setval('public.school_app_marks_id_seq', 257, true);


--
-- Name: school_app_mediafile_id_seq; Type: SEQUENCE SET; Schema: public; Owner: postgres
--

SELECT pg_catalog.setval('public.school_app_mediafile_id_seq', 32, true);


--
-- Name: school_app_parent_id_seq; Type: SEQUENCE SET; Schema: public; Owner: postgres
--

SELECT pg_catalog.setval('public.school_app_parent_id_seq', 5, true);


--
-- Name: school_app_periodtiming_id_seq; Type: SEQUENCE SET; Schema: public; Owner: postgres
--

SELECT pg_catalog.setval('public.school_app_periodtiming_id_seq', 1, false);


--
-- Name: school_app_skillordevelopmentarea_id_seq; Type: SEQUENCE SET; Schema: public; Owner: postgres
--

SELECT pg_catalog.setval('public.school_app_skillordevelopmentarea_id_seq', 64, true);


--
-- Name: school_app_softskillperformance_id_seq; Type: SEQUENCE SET; Schema: public; Owner: postgres
--

SELECT pg_catalog.setval('public.school_app_softskillperformance_id_seq', 2, true);


--
-- Name: school_app_student_id_seq; Type: SEQUENCE SET; Schema: public; Owner: postgres
--

SELECT pg_catalog.setval('public.school_app_student_id_seq', 6, true);


--
-- Name: school_app_studentattendance_id_seq; Type: SEQUENCE SET; Schema: public; Owner: postgres
--

SELECT pg_catalog.setval('public.school_app_studentattendance_id_seq', 2, true);


--
-- Name: school_app_studentsubjectremark_id_seq; Type: SEQUENCE SET; Schema: public; Owner: postgres
--

SELECT pg_catalog.setval('public.school_app_studentsubjectremark_id_seq', 62, true);


--
-- Name: school_app_subject_id_seq; Type: SEQUENCE SET; Schema: public; Owner: postgres
--

SELECT pg_catalog.setval('public.school_app_subject_id_seq', 9, true);


--
-- Name: school_app_subsubject_id_seq; Type: SEQUENCE SET; Schema: public; Owner: postgres
--

SELECT pg_catalog.setval('public.school_app_subsubject_id_seq', 25, true);


--
-- Name: school_app_syllabusperformance_id_seq; Type: SEQUENCE SET; Schema: public; Owner: postgres
--

SELECT pg_catalog.setval('public.school_app_syllabusperformance_id_seq', 2, true);


--
-- Name: school_app_teacher_assigned_classes_id_seq; Type: SEQUENCE SET; Schema: public; Owner: postgres
--

SELECT pg_catalog.setval('public.school_app_teacher_assigned_classes_id_seq', 1, false);


--
-- Name: school_app_teacher_id_seq; Type: SEQUENCE SET; Schema: public; Owner: postgres
--

SELECT pg_catalog.setval('public.school_app_teacher_id_seq', 5, true);


--
-- Name: school_app_teacher_subject_class_relation_assigned_class_id_seq; Type: SEQUENCE SET; Schema: public; Owner: postgres
--

SELECT pg_catalog.setval('public.school_app_teacher_subject_class_relation_assigned_class_id_seq', 107, true);


--
-- Name: school_app_teacher_subject_class_relation_id_seq; Type: SEQUENCE SET; Schema: public; Owner: postgres
--

SELECT pg_catalog.setval('public.school_app_teacher_subject_class_relation_id_seq', 17, true);


--
-- Name: school_app_teacher_subjects_id_seq; Type: SEQUENCE SET; Schema: public; Owner: postgres
--

SELECT pg_catalog.setval('public.school_app_teacher_subjects_id_seq', 1, false);


--
-- Name: school_app_timetable_id_seq; Type: SEQUENCE SET; Schema: public; Owner: postgres
--

SELECT pg_catalog.setval('public.school_app_timetable_id_seq', 61, true);


--
-- Name: school_app_yearlyevent_id_seq; Type: SEQUENCE SET; Schema: public; Owner: postgres
--

SELECT pg_catalog.setval('public.school_app_yearlyevent_id_seq', 4, true);


--
-- Name: auth_group auth_group_name_key; Type: CONSTRAINT; Schema: public; Owner: postgres
--

ALTER TABLE ONLY public.auth_group
    ADD CONSTRAINT auth_group_name_key UNIQUE (name);


--
-- Name: auth_group_permissions auth_group_permissions_group_id_permission_id_0cd325b0_uniq; Type: CONSTRAINT; Schema: public; Owner: postgres
--

ALTER TABLE ONLY public.auth_group_permissions
    ADD CONSTRAINT auth_group_permissions_group_id_permission_id_0cd325b0_uniq UNIQUE (group_id, permission_id);


--
-- Name: auth_group_permissions auth_group_permissions_pkey; Type: CONSTRAINT; Schema: public; Owner: postgres
--

ALTER TABLE ONLY public.auth_group_permissions
    ADD CONSTRAINT auth_group_permissions_pkey PRIMARY KEY (id);


--
-- Name: auth_group auth_group_pkey; Type: CONSTRAINT; Schema: public; Owner: postgres
--

ALTER TABLE ONLY public.auth_group
    ADD CONSTRAINT auth_group_pkey PRIMARY KEY (id);


--
-- Name: auth_permission auth_permission_content_type_id_codename_01ab375a_uniq; Type: CONSTRAINT; Schema: public; Owner: postgres
--

ALTER TABLE ONLY public.auth_permission
    ADD CONSTRAINT auth_permission_content_type_id_codename_01ab375a_uniq UNIQUE (content_type_id, codename);


--
-- Name: auth_permission auth_permission_pkey; Type: CONSTRAINT; Schema: public; Owner: postgres
--

ALTER TABLE ONLY public.auth_permission
    ADD CONSTRAINT auth_permission_pkey PRIMARY KEY (id);


--
-- Name: auth_user_groups auth_user_groups_pkey; Type: CONSTRAINT; Schema: public; Owner: postgres
--

ALTER TABLE ONLY public.auth_user_groups
    ADD CONSTRAINT auth_user_groups_pkey PRIMARY KEY (id);


--
-- Name: auth_user_groups auth_user_groups_user_id_group_id_94350c0c_uniq; Type: CONSTRAINT; Schema: public; Owner: postgres
--

ALTER TABLE ONLY public.auth_user_groups
    ADD CONSTRAINT auth_user_groups_user_id_group_id_94350c0c_uniq UNIQUE (user_id, group_id);


--
-- Name: auth_user auth_user_pkey; Type: CONSTRAINT; Schema: public; Owner: postgres
--

ALTER TABLE ONLY public.auth_user
    ADD CONSTRAINT auth_user_pkey PRIMARY KEY (id);


--
-- Name: auth_user_user_permissions auth_user_user_permissions_pkey; Type: CONSTRAINT; Schema: public; Owner: postgres
--

ALTER TABLE ONLY public.auth_user_user_permissions
    ADD CONSTRAINT auth_user_user_permissions_pkey PRIMARY KEY (id);


--
-- Name: auth_user_user_permissions auth_user_user_permissions_user_id_permission_id_14a6b632_uniq; Type: CONSTRAINT; Schema: public; Owner: postgres
--

ALTER TABLE ONLY public.auth_user_user_permissions
    ADD CONSTRAINT auth_user_user_permissions_user_id_permission_id_14a6b632_uniq UNIQUE (user_id, permission_id);


--
-- Name: auth_user auth_user_username_key; Type: CONSTRAINT; Schema: public; Owner: postgres
--

ALTER TABLE ONLY public.auth_user
    ADD CONSTRAINT auth_user_username_key UNIQUE (username);


--
-- Name: django_admin_log django_admin_log_pkey; Type: CONSTRAINT; Schema: public; Owner: postgres
--

ALTER TABLE ONLY public.django_admin_log
    ADD CONSTRAINT django_admin_log_pkey PRIMARY KEY (id);


--
-- Name: django_content_type django_content_type_app_label_model_76bd3d3b_uniq; Type: CONSTRAINT; Schema: public; Owner: postgres
--

ALTER TABLE ONLY public.django_content_type
    ADD CONSTRAINT django_content_type_app_label_model_76bd3d3b_uniq UNIQUE (app_label, model);


--
-- Name: django_content_type django_content_type_pkey; Type: CONSTRAINT; Schema: public; Owner: postgres
--

ALTER TABLE ONLY public.django_content_type
    ADD CONSTRAINT django_content_type_pkey PRIMARY KEY (id);


--
-- Name: django_migrations django_migrations_pkey; Type: CONSTRAINT; Schema: public; Owner: postgres
--

ALTER TABLE ONLY public.django_migrations
    ADD CONSTRAINT django_migrations_pkey PRIMARY KEY (id);


--
-- Name: django_session django_session_pkey; Type: CONSTRAINT; Schema: public; Owner: postgres
--

ALTER TABLE ONLY public.django_session
    ADD CONSTRAINT django_session_pkey PRIMARY KEY (session_key);


--
-- Name: school_app_academicyear school_app_academicyear_pkey; Type: CONSTRAINT; Schema: public; Owner: postgres
--

ALTER TABLE ONLY public.school_app_academicyear
    ADD CONSTRAINT school_app_academicyear_pkey PRIMARY KEY (id);


--
-- Name: school_app_breakperiod school_app_breakperiod_pkey; Type: CONSTRAINT; Schema: public; Owner: postgres
--

ALTER TABLE ONLY public.school_app_breakperiod
    ADD CONSTRAINT school_app_breakperiod_pkey PRIMARY KEY (id);


--
-- Name: school_app_class school_app_class_name_key; Type: CONSTRAINT; Schema: public; Owner: postgres
--

ALTER TABLE ONLY public.school_app_class
    ADD CONSTRAINT school_app_class_name_key UNIQUE (name);


--
-- Name: school_app_class school_app_class_pkey; Type: CONSTRAINT; Schema: public; Owner: postgres
--

ALTER TABLE ONLY public.school_app_class
    ADD CONSTRAINT school_app_class_pkey PRIMARY KEY (id);


--
-- Name: school_app_classsubsubjectassignment school_app_classsubsubje_school_class_id_subject__84889e3f_uniq; Type: CONSTRAINT; Schema: public; Owner: postgres
--

ALTER TABLE ONLY public.school_app_classsubsubjectassignment
    ADD CONSTRAINT school_app_classsubsubje_school_class_id_subject__84889e3f_uniq UNIQUE (school_class_id, subject_id, subsubject_id);


--
-- Name: school_app_classsubsubjectassignment school_app_classsubsubjectassignment_pkey; Type: CONSTRAINT; Schema: public; Owner: postgres
--

ALTER TABLE ONLY public.school_app_classsubsubjectassignment
    ADD CONSTRAINT school_app_classsubsubjectassignment_pkey PRIMARY KEY (id);


--
-- Name: school_app_exam school_app_exam_name_key; Type: CONSTRAINT; Schema: public; Owner: postgres
--

ALTER TABLE ONLY public.school_app_exam
    ADD CONSTRAINT school_app_exam_name_key UNIQUE (name);


--
-- Name: school_app_exam school_app_exam_pkey; Type: CONSTRAINT; Schema: public; Owner: postgres
--

ALTER TABLE ONLY public.school_app_exam
    ADD CONSTRAINT school_app_exam_pkey PRIMARY KEY (id);


--
-- Name: school_app_examdate school_app_examdate_pkey; Type: CONSTRAINT; Schema: public; Owner: postgres
--

ALTER TABLE ONLY public.school_app_examdate
    ADD CONSTRAINT school_app_examdate_pkey PRIMARY KEY (id);


--
-- Name: school_app_examschedule school_app_examschedule_exam_id_school_class_id__a0a63ca1_uniq; Type: CONSTRAINT; Schema: public; Owner: postgres
--

ALTER TABLE ONLY public.school_app_examschedule
    ADD CONSTRAINT school_app_examschedule_exam_id_school_class_id__a0a63ca1_uniq UNIQUE (exam_id, school_class_id, subject_id);


--
-- Name: school_app_examschedule school_app_examschedule_pkey; Type: CONSTRAINT; Schema: public; Owner: postgres
--

ALTER TABLE ONLY public.school_app_examschedule
    ADD CONSTRAINT school_app_examschedule_pkey PRIMARY KEY (id);


--
-- Name: school_app_holiday school_app_holiday_academic_year_id_date_65d0d8ad_uniq; Type: CONSTRAINT; Schema: public; Owner: postgres
--

ALTER TABLE ONLY public.school_app_holiday
    ADD CONSTRAINT school_app_holiday_academic_year_id_date_65d0d8ad_uniq UNIQUE (academic_year_id, date);


--
-- Name: school_app_holiday school_app_holiday_pkey; Type: CONSTRAINT; Schema: public; Owner: postgres
--

ALTER TABLE ONLY public.school_app_holiday
    ADD CONSTRAINT school_app_holiday_pkey PRIMARY KEY (id);


--
-- Name: school_app_internalassessment school_app_internalasses_student_id_school_class__3550514d_uniq; Type: CONSTRAINT; Schema: public; Owner: postgres
--

ALTER TABLE ONLY public.school_app_internalassessment
    ADD CONSTRAINT school_app_internalasses_student_id_school_class__3550514d_uniq UNIQUE (student_id, school_class_id, exam_id, subject_id, subsubject_id);


--
-- Name: school_app_internalassessment school_app_internalassessment_pkey; Type: CONSTRAINT; Schema: public; Owner: postgres
--

ALTER TABLE ONLY public.school_app_internalassessment
    ADD CONSTRAINT school_app_internalassessment_pkey PRIMARY KEY (id);


--
-- Name: school_app_marks school_app_marks_pkey; Type: CONSTRAINT; Schema: public; Owner: postgres
--

ALTER TABLE ONLY public.school_app_marks
    ADD CONSTRAINT school_app_marks_pkey PRIMARY KEY (id);


--
-- Name: school_app_mediafile school_app_mediafile_pkey; Type: CONSTRAINT; Schema: public; Owner: postgres
--

ALTER TABLE ONLY public.school_app_mediafile
    ADD CONSTRAINT school_app_mediafile_pkey PRIMARY KEY (id);


--
-- Name: school_app_parent school_app_parent_aadhar_key; Type: CONSTRAINT; Schema: public; Owner: postgres
--

ALTER TABLE ONLY public.school_app_parent
    ADD CONSTRAINT school_app_parent_aadhar_key UNIQUE (aadhar);


--
-- Name: school_app_parent school_app_parent_email_key; Type: CONSTRAINT; Schema: public; Owner: postgres
--

ALTER TABLE ONLY public.school_app_parent
    ADD CONSTRAINT school_app_parent_email_key UNIQUE (email);


--
-- Name: school_app_parent school_app_parent_pkey; Type: CONSTRAINT; Schema: public; Owner: postgres
--

ALTER TABLE ONLY public.school_app_parent
    ADD CONSTRAINT school_app_parent_pkey PRIMARY KEY (id);


--
-- Name: school_app_parent school_app_parent_username_key; Type: CONSTRAINT; Schema: public; Owner: postgres
--

ALTER TABLE ONLY public.school_app_parent
    ADD CONSTRAINT school_app_parent_username_key UNIQUE (username);


--
-- Name: school_app_periodtiming school_app_periodtiming_period_key; Type: CONSTRAINT; Schema: public; Owner: postgres
--

ALTER TABLE ONLY public.school_app_periodtiming
    ADD CONSTRAINT school_app_periodtiming_period_key UNIQUE (period);


--
-- Name: school_app_periodtiming school_app_periodtiming_pkey; Type: CONSTRAINT; Schema: public; Owner: postgres
--

ALTER TABLE ONLY public.school_app_periodtiming
    ADD CONSTRAINT school_app_periodtiming_pkey PRIMARY KEY (id);


--
-- Name: school_app_skillordevelopmentarea school_app_skillordevelo_student_id_school_class__58fd3f64_uniq; Type: CONSTRAINT; Schema: public; Owner: postgres
--

ALTER TABLE ONLY public.school_app_skillordevelopmentarea
    ADD CONSTRAINT school_app_skillordevelo_student_id_school_class__58fd3f64_uniq UNIQUE (student_id, school_class_id, subject_id, assessment_date);


--
-- Name: school_app_skillordevelopmentarea school_app_skillordevelopmentarea_pkey; Type: CONSTRAINT; Schema: public; Owner: postgres
--

ALTER TABLE ONLY public.school_app_skillordevelopmentarea
    ADD CONSTRAINT school_app_skillordevelopmentarea_pkey PRIMARY KEY (id);


--
-- Name: school_app_softskillperformance school_app_softskillperformance_pkey; Type: CONSTRAINT; Schema: public; Owner: postgres
--

ALTER TABLE ONLY public.school_app_softskillperformance
    ADD CONSTRAINT school_app_softskillperformance_pkey PRIMARY KEY (id);


--
-- Name: school_app_student school_app_student_aadhar_key; Type: CONSTRAINT; Schema: public; Owner: postgres
--

ALTER TABLE ONLY public.school_app_student
    ADD CONSTRAINT school_app_student_aadhar_key UNIQUE (aadhar);


--
-- Name: school_app_student school_app_student_assigned_class_id_roll_number_1913011f_uniq; Type: CONSTRAINT; Schema: public; Owner: postgres
--

ALTER TABLE ONLY public.school_app_student
    ADD CONSTRAINT school_app_student_assigned_class_id_roll_number_1913011f_uniq UNIQUE (assigned_class_id, roll_number);


--
-- Name: school_app_student school_app_student_email_key; Type: CONSTRAINT; Schema: public; Owner: postgres
--

ALTER TABLE ONLY public.school_app_student
    ADD CONSTRAINT school_app_student_email_key UNIQUE (email);


--
-- Name: school_app_student school_app_student_pen_key; Type: CONSTRAINT; Schema: public; Owner: postgres
--

ALTER TABLE ONLY public.school_app_student
    ADD CONSTRAINT school_app_student_pen_key UNIQUE (pen);


--
-- Name: school_app_student school_app_student_pkey; Type: CONSTRAINT; Schema: public; Owner: postgres
--

ALTER TABLE ONLY public.school_app_student
    ADD CONSTRAINT school_app_student_pkey PRIMARY KEY (id);


--
-- Name: school_app_student school_app_student_roll_number_key; Type: CONSTRAINT; Schema: public; Owner: postgres
--

ALTER TABLE ONLY public.school_app_student
    ADD CONSTRAINT school_app_student_roll_number_key UNIQUE (roll_number);


--
-- Name: school_app_studentattendance school_app_studentattendance_pkey; Type: CONSTRAINT; Schema: public; Owner: postgres
--

ALTER TABLE ONLY public.school_app_studentattendance
    ADD CONSTRAINT school_app_studentattendance_pkey PRIMARY KEY (id);


--
-- Name: school_app_studentattendance school_app_studentattendance_student_id_date_d688d95c_uniq; Type: CONSTRAINT; Schema: public; Owner: postgres
--

ALTER TABLE ONLY public.school_app_studentattendance
    ADD CONSTRAINT school_app_studentattendance_student_id_date_d688d95c_uniq UNIQUE (student_id, date);


--
-- Name: school_app_studentsubjectremark school_app_studentsubjectremark_pkey; Type: CONSTRAINT; Schema: public; Owner: postgres
--

ALTER TABLE ONLY public.school_app_studentsubjectremark
    ADD CONSTRAINT school_app_studentsubjectremark_pkey PRIMARY KEY (id);


--
-- Name: school_app_subject school_app_subject_name_key; Type: CONSTRAINT; Schema: public; Owner: postgres
--

ALTER TABLE ONLY public.school_app_subject
    ADD CONSTRAINT school_app_subject_name_key UNIQUE (name);


--
-- Name: school_app_subject school_app_subject_pkey; Type: CONSTRAINT; Schema: public; Owner: postgres
--

ALTER TABLE ONLY public.school_app_subject
    ADD CONSTRAINT school_app_subject_pkey PRIMARY KEY (id);


--
-- Name: school_app_subsubject school_app_subsubject_pkey; Type: CONSTRAINT; Schema: public; Owner: postgres
--

ALTER TABLE ONLY public.school_app_subsubject
    ADD CONSTRAINT school_app_subsubject_pkey PRIMARY KEY (id);


--
-- Name: school_app_syllabusperformance school_app_syllabusperformance_pkey; Type: CONSTRAINT; Schema: public; Owner: postgres
--

ALTER TABLE ONLY public.school_app_syllabusperformance
    ADD CONSTRAINT school_app_syllabusperformance_pkey PRIMARY KEY (id);


--
-- Name: school_app_teacher_assigned_classes school_app_teacher_assig_teacher_id_class_id_8992f08e_uniq; Type: CONSTRAINT; Schema: public; Owner: postgres
--

ALTER TABLE ONLY public.school_app_teacher_assigned_classes
    ADD CONSTRAINT school_app_teacher_assig_teacher_id_class_id_8992f08e_uniq UNIQUE (teacher_id, class_id);


--
-- Name: school_app_teacher_assigned_classes school_app_teacher_assigned_classes_pkey; Type: CONSTRAINT; Schema: public; Owner: postgres
--

ALTER TABLE ONLY public.school_app_teacher_assigned_classes
    ADD CONSTRAINT school_app_teacher_assigned_classes_pkey PRIMARY KEY (id);


--
-- Name: school_app_teacher school_app_teacher_employee_id_key; Type: CONSTRAINT; Schema: public; Owner: postgres
--

ALTER TABLE ONLY public.school_app_teacher
    ADD CONSTRAINT school_app_teacher_employee_id_key UNIQUE (employee_id);


--
-- Name: school_app_teacher school_app_teacher_login_id_key; Type: CONSTRAINT; Schema: public; Owner: postgres
--

ALTER TABLE ONLY public.school_app_teacher
    ADD CONSTRAINT school_app_teacher_login_id_key UNIQUE (login_id);


--
-- Name: school_app_teacher school_app_teacher_phone_key; Type: CONSTRAINT; Schema: public; Owner: postgres
--

ALTER TABLE ONLY public.school_app_teacher
    ADD CONSTRAINT school_app_teacher_phone_key UNIQUE (phone);


--
-- Name: school_app_teacher school_app_teacher_pkey; Type: CONSTRAINT; Schema: public; Owner: postgres
--

ALTER TABLE ONLY public.school_app_teacher
    ADD CONSTRAINT school_app_teacher_pkey PRIMARY KEY (id);


--
-- Name: school_app_teacher_subject_class_relation_assigned_classes school_app_teacher_subje_teacher_subject_class_re_9f150cff_uniq; Type: CONSTRAINT; Schema: public; Owner: postgres
--

ALTER TABLE ONLY public.school_app_teacher_subject_class_relation_assigned_classes
    ADD CONSTRAINT school_app_teacher_subje_teacher_subject_class_re_9f150cff_uniq UNIQUE (teacher_subject_class_relation_id, class_id);


--
-- Name: school_app_teacher_subject_class_relation_assigned_classes school_app_teacher_subject_class_relation_assigned_classes_pkey; Type: CONSTRAINT; Schema: public; Owner: postgres
--

ALTER TABLE ONLY public.school_app_teacher_subject_class_relation_assigned_classes
    ADD CONSTRAINT school_app_teacher_subject_class_relation_assigned_classes_pkey PRIMARY KEY (id);


--
-- Name: school_app_teacher_subject_class_relation school_app_teacher_subject_class_relation_pkey; Type: CONSTRAINT; Schema: public; Owner: postgres
--

ALTER TABLE ONLY public.school_app_teacher_subject_class_relation
    ADD CONSTRAINT school_app_teacher_subject_class_relation_pkey PRIMARY KEY (id);


--
-- Name: school_app_teacher_subjects school_app_teacher_subjects_pkey; Type: CONSTRAINT; Schema: public; Owner: postgres
--

ALTER TABLE ONLY public.school_app_teacher_subjects
    ADD CONSTRAINT school_app_teacher_subjects_pkey PRIMARY KEY (id);


--
-- Name: school_app_teacher_subjects school_app_teacher_subjects_teacher_id_subject_id_74881e6a_uniq; Type: CONSTRAINT; Schema: public; Owner: postgres
--

ALTER TABLE ONLY public.school_app_teacher_subjects
    ADD CONSTRAINT school_app_teacher_subjects_teacher_id_subject_id_74881e6a_uniq UNIQUE (teacher_id, subject_id);


--
-- Name: school_app_timetable school_app_timetable_pkey; Type: CONSTRAINT; Schema: public; Owner: postgres
--

ALTER TABLE ONLY public.school_app_timetable
    ADD CONSTRAINT school_app_timetable_pkey PRIMARY KEY (id);


--
-- Name: school_app_yearlyevent school_app_yearlyevent_pkey; Type: CONSTRAINT; Schema: public; Owner: postgres
--

ALTER TABLE ONLY public.school_app_yearlyevent
    ADD CONSTRAINT school_app_yearlyevent_pkey PRIMARY KEY (id);


--
-- Name: auth_group_name_a6ea08ec_like; Type: INDEX; Schema: public; Owner: postgres
--

CREATE INDEX auth_group_name_a6ea08ec_like ON public.auth_group USING btree (name varchar_pattern_ops);


--
-- Name: auth_group_permissions_group_id_b120cbf9; Type: INDEX; Schema: public; Owner: postgres
--

CREATE INDEX auth_group_permissions_group_id_b120cbf9 ON public.auth_group_permissions USING btree (group_id);


--
-- Name: auth_group_permissions_permission_id_84c5c92e; Type: INDEX; Schema: public; Owner: postgres
--

CREATE INDEX auth_group_permissions_permission_id_84c5c92e ON public.auth_group_permissions USING btree (permission_id);


--
-- Name: auth_permission_content_type_id_2f476e4b; Type: INDEX; Schema: public; Owner: postgres
--

CREATE INDEX auth_permission_content_type_id_2f476e4b ON public.auth_permission USING btree (content_type_id);


--
-- Name: auth_user_groups_group_id_97559544; Type: INDEX; Schema: public; Owner: postgres
--

CREATE INDEX auth_user_groups_group_id_97559544 ON public.auth_user_groups USING btree (group_id);


--
-- Name: auth_user_groups_user_id_6a12ed8b; Type: INDEX; Schema: public; Owner: postgres
--

CREATE INDEX auth_user_groups_user_id_6a12ed8b ON public.auth_user_groups USING btree (user_id);


--
-- Name: auth_user_user_permissions_permission_id_1fbb5f2c; Type: INDEX; Schema: public; Owner: postgres
--

CREATE INDEX auth_user_user_permissions_permission_id_1fbb5f2c ON public.auth_user_user_permissions USING btree (permission_id);


--
-- Name: auth_user_user_permissions_user_id_a95ead1b; Type: INDEX; Schema: public; Owner: postgres
--

CREATE INDEX auth_user_user_permissions_user_id_a95ead1b ON public.auth_user_user_permissions USING btree (user_id);


--
-- Name: auth_user_username_6821ab7c_like; Type: INDEX; Schema: public; Owner: postgres
--

CREATE INDEX auth_user_username_6821ab7c_like ON public.auth_user USING btree (username varchar_pattern_ops);


--
-- Name: django_admin_log_content_type_id_c4bce8eb; Type: INDEX; Schema: public; Owner: postgres
--

CREATE INDEX django_admin_log_content_type_id_c4bce8eb ON public.django_admin_log USING btree (content_type_id);


--
-- Name: django_admin_log_user_id_c564eba6; Type: INDEX; Schema: public; Owner: postgres
--

CREATE INDEX django_admin_log_user_id_c564eba6 ON public.django_admin_log USING btree (user_id);


--
-- Name: django_session_expire_date_a5c62663; Type: INDEX; Schema: public; Owner: postgres
--

CREATE INDEX django_session_expire_date_a5c62663 ON public.django_session USING btree (expire_date);


--
-- Name: django_session_session_key_c0390e0f_like; Type: INDEX; Schema: public; Owner: postgres
--

CREATE INDEX django_session_session_key_c0390e0f_like ON public.django_session USING btree (session_key varchar_pattern_ops);


--
-- Name: school_app_class_academic_year_id_76658ecd; Type: INDEX; Schema: public; Owner: postgres
--

CREATE INDEX school_app_class_academic_year_id_76658ecd ON public.school_app_class USING btree (academic_year_id);


--
-- Name: school_app_class_class_teacher_id_314d34ce; Type: INDEX; Schema: public; Owner: postgres
--

CREATE INDEX school_app_class_class_teacher_id_314d34ce ON public.school_app_class USING btree (class_teacher_id);


--
-- Name: school_app_class_name_7714d565_like; Type: INDEX; Schema: public; Owner: postgres
--

CREATE INDEX school_app_class_name_7714d565_like ON public.school_app_class USING btree (name varchar_pattern_ops);


--
-- Name: school_app_classsubsubjectassignment_school_class_id_6c38bb6e; Type: INDEX; Schema: public; Owner: postgres
--

CREATE INDEX school_app_classsubsubjectassignment_school_class_id_6c38bb6e ON public.school_app_classsubsubjectassignment USING btree (school_class_id);


--
-- Name: school_app_classsubsubjectassignment_subject_id_e0772590; Type: INDEX; Schema: public; Owner: postgres
--

CREATE INDEX school_app_classsubsubjectassignment_subject_id_e0772590 ON public.school_app_classsubsubjectassignment USING btree (subject_id);


--
-- Name: school_app_classsubsubjectassignment_subsubject_id_81af44c0; Type: INDEX; Schema: public; Owner: postgres
--

CREATE INDEX school_app_classsubsubjectassignment_subsubject_id_81af44c0 ON public.school_app_classsubsubjectassignment USING btree (subsubject_id);


--
-- Name: school_app_exam_name_f33538b6_like; Type: INDEX; Schema: public; Owner: postgres
--

CREATE INDEX school_app_exam_name_f33538b6_like ON public.school_app_exam USING btree (name varchar_pattern_ops);


--
-- Name: school_app_examdate_exam_id_094dd91c; Type: INDEX; Schema: public; Owner: postgres
--

CREATE INDEX school_app_examdate_exam_id_094dd91c ON public.school_app_examdate USING btree (exam_id);


--
-- Name: school_app_examschedule_exam_id_b753c01e; Type: INDEX; Schema: public; Owner: postgres
--

CREATE INDEX school_app_examschedule_exam_id_b753c01e ON public.school_app_examschedule USING btree (exam_id);


--
-- Name: school_app_examschedule_school_class_id_303cf043; Type: INDEX; Schema: public; Owner: postgres
--

CREATE INDEX school_app_examschedule_school_class_id_303cf043 ON public.school_app_examschedule USING btree (school_class_id);


--
-- Name: school_app_examschedule_subject_id_4438eef0; Type: INDEX; Schema: public; Owner: postgres
--

CREATE INDEX school_app_examschedule_subject_id_4438eef0 ON public.school_app_examschedule USING btree (subject_id);


--
-- Name: school_app_holiday_academic_year_id_34e65b4f; Type: INDEX; Schema: public; Owner: postgres
--

CREATE INDEX school_app_holiday_academic_year_id_34e65b4f ON public.school_app_holiday USING btree (academic_year_id);


--
-- Name: school_app_internalassessment_exam_id_a6784cd3; Type: INDEX; Schema: public; Owner: postgres
--

CREATE INDEX school_app_internalassessment_exam_id_a6784cd3 ON public.school_app_internalassessment USING btree (exam_id);


--
-- Name: school_app_internalassessment_school_class_id_ac970f7d; Type: INDEX; Schema: public; Owner: postgres
--

CREATE INDEX school_app_internalassessment_school_class_id_ac970f7d ON public.school_app_internalassessment USING btree (school_class_id);


--
-- Name: school_app_internalassessment_student_id_ae07a2f6; Type: INDEX; Schema: public; Owner: postgres
--

CREATE INDEX school_app_internalassessment_student_id_ae07a2f6 ON public.school_app_internalassessment USING btree (student_id);


--
-- Name: school_app_internalassessment_subject_id_937a9b91; Type: INDEX; Schema: public; Owner: postgres
--

CREATE INDEX school_app_internalassessment_subject_id_937a9b91 ON public.school_app_internalassessment USING btree (subject_id);


--
-- Name: school_app_internalassessment_subsubject_id_43423fa9; Type: INDEX; Schema: public; Owner: postgres
--

CREATE INDEX school_app_internalassessment_subsubject_id_43423fa9 ON public.school_app_internalassessment USING btree (subsubject_id);


--
-- Name: school_app_marks_exam_id_18de70e2; Type: INDEX; Schema: public; Owner: postgres
--

CREATE INDEX school_app_marks_exam_id_18de70e2 ON public.school_app_marks USING btree (exam_id);


--
-- Name: school_app_marks_student_id_b1537312; Type: INDEX; Schema: public; Owner: postgres
--

CREATE INDEX school_app_marks_student_id_b1537312 ON public.school_app_marks USING btree (student_id);


--
-- Name: school_app_marks_subject_id_1680dec7; Type: INDEX; Schema: public; Owner: postgres
--

CREATE INDEX school_app_marks_subject_id_1680dec7 ON public.school_app_marks USING btree (subject_id);


--
-- Name: school_app_parent_aadhar_35ae3096_like; Type: INDEX; Schema: public; Owner: postgres
--

CREATE INDEX school_app_parent_aadhar_35ae3096_like ON public.school_app_parent USING btree (aadhar varchar_pattern_ops);


--
-- Name: school_app_parent_email_d09a6f2a_like; Type: INDEX; Schema: public; Owner: postgres
--

CREATE INDEX school_app_parent_email_d09a6f2a_like ON public.school_app_parent USING btree (email varchar_pattern_ops);


--
-- Name: school_app_parent_username_7412fae5_like; Type: INDEX; Schema: public; Owner: postgres
--

CREATE INDEX school_app_parent_username_7412fae5_like ON public.school_app_parent USING btree (username varchar_pattern_ops);


--
-- Name: school_app_skillordevelopmentarea_school_class_id_c17031d3; Type: INDEX; Schema: public; Owner: postgres
--

CREATE INDEX school_app_skillordevelopmentarea_school_class_id_c17031d3 ON public.school_app_skillordevelopmentarea USING btree (school_class_id);


--
-- Name: school_app_skillordevelopmentarea_student_id_8af5a307; Type: INDEX; Schema: public; Owner: postgres
--

CREATE INDEX school_app_skillordevelopmentarea_student_id_8af5a307 ON public.school_app_skillordevelopmentarea USING btree (student_id);


--
-- Name: school_app_skillordevelopmentarea_subject_id_31495f1c; Type: INDEX; Schema: public; Owner: postgres
--

CREATE INDEX school_app_skillordevelopmentarea_subject_id_31495f1c ON public.school_app_skillordevelopmentarea USING btree (subject_id);


--
-- Name: school_app_student_aadhar_7b59c50d_like; Type: INDEX; Schema: public; Owner: postgres
--

CREATE INDEX school_app_student_aadhar_7b59c50d_like ON public.school_app_student USING btree (aadhar varchar_pattern_ops);


--
-- Name: school_app_student_assigned_class_id_8c2d2b75; Type: INDEX; Schema: public; Owner: postgres
--

CREATE INDEX school_app_student_assigned_class_id_8c2d2b75 ON public.school_app_student USING btree (assigned_class_id);


--
-- Name: school_app_student_email_81a30ba9_like; Type: INDEX; Schema: public; Owner: postgres
--

CREATE INDEX school_app_student_email_81a30ba9_like ON public.school_app_student USING btree (email varchar_pattern_ops);


--
-- Name: school_app_student_parent_id_bca8126d; Type: INDEX; Schema: public; Owner: postgres
--

CREATE INDEX school_app_student_parent_id_bca8126d ON public.school_app_student USING btree (parent_id);


--
-- Name: school_app_student_pen_265e5ebb_like; Type: INDEX; Schema: public; Owner: postgres
--

CREATE INDEX school_app_student_pen_265e5ebb_like ON public.school_app_student USING btree (pen varchar_pattern_ops);


--
-- Name: school_app_student_roll_number_4b62d571_like; Type: INDEX; Schema: public; Owner: postgres
--

CREATE INDEX school_app_student_roll_number_4b62d571_like ON public.school_app_student USING btree (roll_number varchar_pattern_ops);


--
-- Name: school_app_studentattendance_school_class_id_b68d0378; Type: INDEX; Schema: public; Owner: postgres
--

CREATE INDEX school_app_studentattendance_school_class_id_b68d0378 ON public.school_app_studentattendance USING btree (school_class_id);


--
-- Name: school_app_studentattendance_student_id_71e123b6; Type: INDEX; Schema: public; Owner: postgres
--

CREATE INDEX school_app_studentattendance_student_id_71e123b6 ON public.school_app_studentattendance USING btree (student_id);


--
-- Name: school_app_studentsubjectremark_exam_id_73bcd051; Type: INDEX; Schema: public; Owner: postgres
--

CREATE INDEX school_app_studentsubjectremark_exam_id_73bcd051 ON public.school_app_studentsubjectremark USING btree (exam_id);


--
-- Name: school_app_studentsubjectremark_student_id_2135d480; Type: INDEX; Schema: public; Owner: postgres
--

CREATE INDEX school_app_studentsubjectremark_student_id_2135d480 ON public.school_app_studentsubjectremark USING btree (student_id);


--
-- Name: school_app_studentsubjectremark_subject_id_3ce1037c; Type: INDEX; Schema: public; Owner: postgres
--

CREATE INDEX school_app_studentsubjectremark_subject_id_3ce1037c ON public.school_app_studentsubjectremark USING btree (subject_id);


--
-- Name: school_app_subject_name_7bc81a18_like; Type: INDEX; Schema: public; Owner: postgres
--

CREATE INDEX school_app_subject_name_7bc81a18_like ON public.school_app_subject USING btree (name varchar_pattern_ops);


--
-- Name: school_app_subsubject_subject_id_0587b898; Type: INDEX; Schema: public; Owner: postgres
--

CREATE INDEX school_app_subsubject_subject_id_0587b898 ON public.school_app_subsubject USING btree (subject_id);


--
-- Name: school_app_teacher_assigned_classes_class_id_6c90f39c; Type: INDEX; Schema: public; Owner: postgres
--

CREATE INDEX school_app_teacher_assigned_classes_class_id_6c90f39c ON public.school_app_teacher_assigned_classes USING btree (class_id);


--
-- Name: school_app_teacher_assigned_classes_teacher_id_ad5bb8f3; Type: INDEX; Schema: public; Owner: postgres
--

CREATE INDEX school_app_teacher_assigned_classes_teacher_id_ad5bb8f3 ON public.school_app_teacher_assigned_classes USING btree (teacher_id);


--
-- Name: school_app_teacher_class_teacher_of_id_00ddbb48; Type: INDEX; Schema: public; Owner: postgres
--

CREATE INDEX school_app_teacher_class_teacher_of_id_00ddbb48 ON public.school_app_teacher USING btree (class_teacher_of_id);


--
-- Name: school_app_teacher_employee_id_21d903cd_like; Type: INDEX; Schema: public; Owner: postgres
--

CREATE INDEX school_app_teacher_employee_id_21d903cd_like ON public.school_app_teacher USING btree (employee_id varchar_pattern_ops);


--
-- Name: school_app_teacher_login_id_c54790df_like; Type: INDEX; Schema: public; Owner: postgres
--

CREATE INDEX school_app_teacher_login_id_c54790df_like ON public.school_app_teacher USING btree (login_id varchar_pattern_ops);


--
-- Name: school_app_teacher_phone_4b2f5153_like; Type: INDEX; Schema: public; Owner: postgres
--

CREATE INDEX school_app_teacher_phone_4b2f5153_like ON public.school_app_teacher USING btree (phone varchar_pattern_ops);


--
-- Name: school_app_teacher_subject_class_id_6f49c68b; Type: INDEX; Schema: public; Owner: postgres
--

CREATE INDEX school_app_teacher_subject_class_id_6f49c68b ON public.school_app_teacher_subject_class_relation_assigned_classes USING btree (class_id);


--
-- Name: school_app_teacher_subject_class_relation_subject_id_253ec2c2; Type: INDEX; Schema: public; Owner: postgres
--

CREATE INDEX school_app_teacher_subject_class_relation_subject_id_253ec2c2 ON public.school_app_teacher_subject_class_relation USING btree (subject_id);


--
-- Name: school_app_teacher_subject_class_relation_teacher_id_dd5354c5; Type: INDEX; Schema: public; Owner: postgres
--

CREATE INDEX school_app_teacher_subject_class_relation_teacher_id_dd5354c5 ON public.school_app_teacher_subject_class_relation USING btree (teacher_id);


--
-- Name: school_app_teacher_subject_teacher_subject_class_rela_d6adb667; Type: INDEX; Schema: public; Owner: postgres
--

CREATE INDEX school_app_teacher_subject_teacher_subject_class_rela_d6adb667 ON public.school_app_teacher_subject_class_relation_assigned_classes USING btree (teacher_subject_class_relation_id);


--
-- Name: school_app_teacher_subjects_subject_id_751bb123; Type: INDEX; Schema: public; Owner: postgres
--

CREATE INDEX school_app_teacher_subjects_subject_id_751bb123 ON public.school_app_teacher_subjects USING btree (subject_id);


--
-- Name: school_app_teacher_subjects_teacher_id_904591f4; Type: INDEX; Schema: public; Owner: postgres
--

CREATE INDEX school_app_teacher_subjects_teacher_id_904591f4 ON public.school_app_teacher_subjects USING btree (teacher_id);


--
-- Name: school_app_timetable_class_obj_id_876dce7d; Type: INDEX; Schema: public; Owner: postgres
--

CREATE INDEX school_app_timetable_class_obj_id_876dce7d ON public.school_app_timetable USING btree (class_obj_id);


--
-- Name: school_app_timetable_subject_id_5a071d85; Type: INDEX; Schema: public; Owner: postgres
--

CREATE INDEX school_app_timetable_subject_id_5a071d85 ON public.school_app_timetable USING btree (subject_id);


--
-- Name: school_app_timetable_teacher_id_42b18e73; Type: INDEX; Schema: public; Owner: postgres
--

CREATE INDEX school_app_timetable_teacher_id_42b18e73 ON public.school_app_timetable USING btree (teacher_id);


--
-- Name: school_app_timetable_teacher_subject_id_f5c2f275; Type: INDEX; Schema: public; Owner: postgres
--

CREATE INDEX school_app_timetable_teacher_subject_id_f5c2f275 ON public.school_app_timetable USING btree (teacher_subject_id);


--
-- Name: auth_group_permissions auth_group_permissio_permission_id_84c5c92e_fk_auth_perm; Type: FK CONSTRAINT; Schema: public; Owner: postgres
--

ALTER TABLE ONLY public.auth_group_permissions
    ADD CONSTRAINT auth_group_permissio_permission_id_84c5c92e_fk_auth_perm FOREIGN KEY (permission_id) REFERENCES public.auth_permission(id) DEFERRABLE INITIALLY DEFERRED;


--
-- Name: auth_group_permissions auth_group_permissions_group_id_b120cbf9_fk_auth_group_id; Type: FK CONSTRAINT; Schema: public; Owner: postgres
--

ALTER TABLE ONLY public.auth_group_permissions
    ADD CONSTRAINT auth_group_permissions_group_id_b120cbf9_fk_auth_group_id FOREIGN KEY (group_id) REFERENCES public.auth_group(id) DEFERRABLE INITIALLY DEFERRED;


--
-- Name: auth_permission auth_permission_content_type_id_2f476e4b_fk_django_co; Type: FK CONSTRAINT; Schema: public; Owner: postgres
--

ALTER TABLE ONLY public.auth_permission
    ADD CONSTRAINT auth_permission_content_type_id_2f476e4b_fk_django_co FOREIGN KEY (content_type_id) REFERENCES public.django_content_type(id) DEFERRABLE INITIALLY DEFERRED;


--
-- Name: auth_user_groups auth_user_groups_group_id_97559544_fk_auth_group_id; Type: FK CONSTRAINT; Schema: public; Owner: postgres
--

ALTER TABLE ONLY public.auth_user_groups
    ADD CONSTRAINT auth_user_groups_group_id_97559544_fk_auth_group_id FOREIGN KEY (group_id) REFERENCES public.auth_group(id) DEFERRABLE INITIALLY DEFERRED;


--
-- Name: auth_user_groups auth_user_groups_user_id_6a12ed8b_fk_auth_user_id; Type: FK CONSTRAINT; Schema: public; Owner: postgres
--

ALTER TABLE ONLY public.auth_user_groups
    ADD CONSTRAINT auth_user_groups_user_id_6a12ed8b_fk_auth_user_id FOREIGN KEY (user_id) REFERENCES public.auth_user(id) DEFERRABLE INITIALLY DEFERRED;


--
-- Name: auth_user_user_permissions auth_user_user_permi_permission_id_1fbb5f2c_fk_auth_perm; Type: FK CONSTRAINT; Schema: public; Owner: postgres
--

ALTER TABLE ONLY public.auth_user_user_permissions
    ADD CONSTRAINT auth_user_user_permi_permission_id_1fbb5f2c_fk_auth_perm FOREIGN KEY (permission_id) REFERENCES public.auth_permission(id) DEFERRABLE INITIALLY DEFERRED;


--
-- Name: auth_user_user_permissions auth_user_user_permissions_user_id_a95ead1b_fk_auth_user_id; Type: FK CONSTRAINT; Schema: public; Owner: postgres
--

ALTER TABLE ONLY public.auth_user_user_permissions
    ADD CONSTRAINT auth_user_user_permissions_user_id_a95ead1b_fk_auth_user_id FOREIGN KEY (user_id) REFERENCES public.auth_user(id) DEFERRABLE INITIALLY DEFERRED;


--
-- Name: django_admin_log django_admin_log_content_type_id_c4bce8eb_fk_django_co; Type: FK CONSTRAINT; Schema: public; Owner: postgres
--

ALTER TABLE ONLY public.django_admin_log
    ADD CONSTRAINT django_admin_log_content_type_id_c4bce8eb_fk_django_co FOREIGN KEY (content_type_id) REFERENCES public.django_content_type(id) DEFERRABLE INITIALLY DEFERRED;


--
-- Name: django_admin_log django_admin_log_user_id_c564eba6_fk_auth_user_id; Type: FK CONSTRAINT; Schema: public; Owner: postgres
--

ALTER TABLE ONLY public.django_admin_log
    ADD CONSTRAINT django_admin_log_user_id_c564eba6_fk_auth_user_id FOREIGN KEY (user_id) REFERENCES public.auth_user(id) DEFERRABLE INITIALLY DEFERRED;


--
-- Name: school_app_class school_app_class_academic_year_id_76658ecd_fk_school_ap; Type: FK CONSTRAINT; Schema: public; Owner: postgres
--

ALTER TABLE ONLY public.school_app_class
    ADD CONSTRAINT school_app_class_academic_year_id_76658ecd_fk_school_ap FOREIGN KEY (academic_year_id) REFERENCES public.school_app_academicyear(id) DEFERRABLE INITIALLY DEFERRED;


--
-- Name: school_app_class school_app_class_class_teacher_id_314d34ce_fk_school_ap; Type: FK CONSTRAINT; Schema: public; Owner: postgres
--

ALTER TABLE ONLY public.school_app_class
    ADD CONSTRAINT school_app_class_class_teacher_id_314d34ce_fk_school_ap FOREIGN KEY (class_teacher_id) REFERENCES public.school_app_teacher(id) DEFERRABLE INITIALLY DEFERRED;


--
-- Name: school_app_classsubsubjectassignment school_app_classsubs_school_class_id_6c38bb6e_fk_school_ap; Type: FK CONSTRAINT; Schema: public; Owner: postgres
--

ALTER TABLE ONLY public.school_app_classsubsubjectassignment
    ADD CONSTRAINT school_app_classsubs_school_class_id_6c38bb6e_fk_school_ap FOREIGN KEY (school_class_id) REFERENCES public.school_app_class(id) DEFERRABLE INITIALLY DEFERRED;


--
-- Name: school_app_classsubsubjectassignment school_app_classsubs_subject_id_e0772590_fk_school_ap; Type: FK CONSTRAINT; Schema: public; Owner: postgres
--

ALTER TABLE ONLY public.school_app_classsubsubjectassignment
    ADD CONSTRAINT school_app_classsubs_subject_id_e0772590_fk_school_ap FOREIGN KEY (subject_id) REFERENCES public.school_app_subject(id) DEFERRABLE INITIALLY DEFERRED;


--
-- Name: school_app_classsubsubjectassignment school_app_classsubs_subsubject_id_81af44c0_fk_school_ap; Type: FK CONSTRAINT; Schema: public; Owner: postgres
--

ALTER TABLE ONLY public.school_app_classsubsubjectassignment
    ADD CONSTRAINT school_app_classsubs_subsubject_id_81af44c0_fk_school_ap FOREIGN KEY (subsubject_id) REFERENCES public.school_app_subsubject(id) DEFERRABLE INITIALLY DEFERRED;


--
-- Name: school_app_examdate school_app_examdate_exam_id_094dd91c_fk_school_app_exam_id; Type: FK CONSTRAINT; Schema: public; Owner: postgres
--

ALTER TABLE ONLY public.school_app_examdate
    ADD CONSTRAINT school_app_examdate_exam_id_094dd91c_fk_school_app_exam_id FOREIGN KEY (exam_id) REFERENCES public.school_app_exam(id) DEFERRABLE INITIALLY DEFERRED;


--
-- Name: school_app_examschedule school_app_examsched_school_class_id_303cf043_fk_school_ap; Type: FK CONSTRAINT; Schema: public; Owner: postgres
--

ALTER TABLE ONLY public.school_app_examschedule
    ADD CONSTRAINT school_app_examsched_school_class_id_303cf043_fk_school_ap FOREIGN KEY (school_class_id) REFERENCES public.school_app_class(id) DEFERRABLE INITIALLY DEFERRED;


--
-- Name: school_app_examschedule school_app_examsched_subject_id_4438eef0_fk_school_ap; Type: FK CONSTRAINT; Schema: public; Owner: postgres
--

ALTER TABLE ONLY public.school_app_examschedule
    ADD CONSTRAINT school_app_examsched_subject_id_4438eef0_fk_school_ap FOREIGN KEY (subject_id) REFERENCES public.school_app_subject(id) DEFERRABLE INITIALLY DEFERRED;


--
-- Name: school_app_examschedule school_app_examschedule_exam_id_b753c01e_fk_school_app_exam_id; Type: FK CONSTRAINT; Schema: public; Owner: postgres
--

ALTER TABLE ONLY public.school_app_examschedule
    ADD CONSTRAINT school_app_examschedule_exam_id_b753c01e_fk_school_app_exam_id FOREIGN KEY (exam_id) REFERENCES public.school_app_exam(id) DEFERRABLE INITIALLY DEFERRED;


--
-- Name: school_app_holiday school_app_holiday_academic_year_id_34e65b4f_fk_school_ap; Type: FK CONSTRAINT; Schema: public; Owner: postgres
--

ALTER TABLE ONLY public.school_app_holiday
    ADD CONSTRAINT school_app_holiday_academic_year_id_34e65b4f_fk_school_ap FOREIGN KEY (academic_year_id) REFERENCES public.school_app_academicyear(id) DEFERRABLE INITIALLY DEFERRED;


--
-- Name: school_app_internalassessment school_app_internala_exam_id_a6784cd3_fk_school_ap; Type: FK CONSTRAINT; Schema: public; Owner: postgres
--

ALTER TABLE ONLY public.school_app_internalassessment
    ADD CONSTRAINT school_app_internala_exam_id_a6784cd3_fk_school_ap FOREIGN KEY (exam_id) REFERENCES public.school_app_exam(id) DEFERRABLE INITIALLY DEFERRED;


--
-- Name: school_app_internalassessment school_app_internala_school_class_id_ac970f7d_fk_school_ap; Type: FK CONSTRAINT; Schema: public; Owner: postgres
--

ALTER TABLE ONLY public.school_app_internalassessment
    ADD CONSTRAINT school_app_internala_school_class_id_ac970f7d_fk_school_ap FOREIGN KEY (school_class_id) REFERENCES public.school_app_class(id) DEFERRABLE INITIALLY DEFERRED;


--
-- Name: school_app_internalassessment school_app_internala_student_id_ae07a2f6_fk_school_ap; Type: FK CONSTRAINT; Schema: public; Owner: postgres
--

ALTER TABLE ONLY public.school_app_internalassessment
    ADD CONSTRAINT school_app_internala_student_id_ae07a2f6_fk_school_ap FOREIGN KEY (student_id) REFERENCES public.school_app_student(id) DEFERRABLE INITIALLY DEFERRED;


--
-- Name: school_app_internalassessment school_app_internala_subject_id_937a9b91_fk_school_ap; Type: FK CONSTRAINT; Schema: public; Owner: postgres
--

ALTER TABLE ONLY public.school_app_internalassessment
    ADD CONSTRAINT school_app_internala_subject_id_937a9b91_fk_school_ap FOREIGN KEY (subject_id) REFERENCES public.school_app_subject(id) DEFERRABLE INITIALLY DEFERRED;


--
-- Name: school_app_internalassessment school_app_internala_subsubject_id_43423fa9_fk_school_ap; Type: FK CONSTRAINT; Schema: public; Owner: postgres
--

ALTER TABLE ONLY public.school_app_internalassessment
    ADD CONSTRAINT school_app_internala_subsubject_id_43423fa9_fk_school_ap FOREIGN KEY (subsubject_id) REFERENCES public.school_app_subsubject(id) DEFERRABLE INITIALLY DEFERRED;


--
-- Name: school_app_marks school_app_marks_exam_id_18de70e2_fk_school_app_exam_id; Type: FK CONSTRAINT; Schema: public; Owner: postgres
--

ALTER TABLE ONLY public.school_app_marks
    ADD CONSTRAINT school_app_marks_exam_id_18de70e2_fk_school_app_exam_id FOREIGN KEY (exam_id) REFERENCES public.school_app_exam(id) DEFERRABLE INITIALLY DEFERRED;


--
-- Name: school_app_marks school_app_marks_student_id_b1537312_fk_school_app_student_id; Type: FK CONSTRAINT; Schema: public; Owner: postgres
--

ALTER TABLE ONLY public.school_app_marks
    ADD CONSTRAINT school_app_marks_student_id_b1537312_fk_school_app_student_id FOREIGN KEY (student_id) REFERENCES public.school_app_student(id) DEFERRABLE INITIALLY DEFERRED;


--
-- Name: school_app_marks school_app_marks_subject_id_1680dec7_fk_school_app_subject_id; Type: FK CONSTRAINT; Schema: public; Owner: postgres
--

ALTER TABLE ONLY public.school_app_marks
    ADD CONSTRAINT school_app_marks_subject_id_1680dec7_fk_school_app_subject_id FOREIGN KEY (subject_id) REFERENCES public.school_app_subject(id) DEFERRABLE INITIALLY DEFERRED;


--
-- Name: school_app_skillordevelopmentarea school_app_skillorde_school_class_id_c17031d3_fk_school_ap; Type: FK CONSTRAINT; Schema: public; Owner: postgres
--

ALTER TABLE ONLY public.school_app_skillordevelopmentarea
    ADD CONSTRAINT school_app_skillorde_school_class_id_c17031d3_fk_school_ap FOREIGN KEY (school_class_id) REFERENCES public.school_app_class(id) DEFERRABLE INITIALLY DEFERRED;


--
-- Name: school_app_skillordevelopmentarea school_app_skillorde_student_id_8af5a307_fk_school_ap; Type: FK CONSTRAINT; Schema: public; Owner: postgres
--

ALTER TABLE ONLY public.school_app_skillordevelopmentarea
    ADD CONSTRAINT school_app_skillorde_student_id_8af5a307_fk_school_ap FOREIGN KEY (student_id) REFERENCES public.school_app_student(id) DEFERRABLE INITIALLY DEFERRED;


--
-- Name: school_app_skillordevelopmentarea school_app_skillorde_subject_id_31495f1c_fk_school_ap; Type: FK CONSTRAINT; Schema: public; Owner: postgres
--

ALTER TABLE ONLY public.school_app_skillordevelopmentarea
    ADD CONSTRAINT school_app_skillorde_subject_id_31495f1c_fk_school_ap FOREIGN KEY (subject_id) REFERENCES public.school_app_subject(id) DEFERRABLE INITIALLY DEFERRED;


--
-- Name: school_app_student school_app_student_assigned_class_id_8c2d2b75_fk_school_ap; Type: FK CONSTRAINT; Schema: public; Owner: postgres
--

ALTER TABLE ONLY public.school_app_student
    ADD CONSTRAINT school_app_student_assigned_class_id_8c2d2b75_fk_school_ap FOREIGN KEY (assigned_class_id) REFERENCES public.school_app_class(id) DEFERRABLE INITIALLY DEFERRED;


--
-- Name: school_app_student school_app_student_parent_id_bca8126d_fk_school_app_parent_id; Type: FK CONSTRAINT; Schema: public; Owner: postgres
--

ALTER TABLE ONLY public.school_app_student
    ADD CONSTRAINT school_app_student_parent_id_bca8126d_fk_school_app_parent_id FOREIGN KEY (parent_id) REFERENCES public.school_app_parent(id) DEFERRABLE INITIALLY DEFERRED;


--
-- Name: school_app_studentattendance school_app_studentat_school_class_id_b68d0378_fk_school_ap; Type: FK CONSTRAINT; Schema: public; Owner: postgres
--

ALTER TABLE ONLY public.school_app_studentattendance
    ADD CONSTRAINT school_app_studentat_school_class_id_b68d0378_fk_school_ap FOREIGN KEY (school_class_id) REFERENCES public.school_app_class(id) DEFERRABLE INITIALLY DEFERRED;


--
-- Name: school_app_studentattendance school_app_studentat_student_id_71e123b6_fk_school_ap; Type: FK CONSTRAINT; Schema: public; Owner: postgres
--

ALTER TABLE ONLY public.school_app_studentattendance
    ADD CONSTRAINT school_app_studentat_student_id_71e123b6_fk_school_ap FOREIGN KEY (student_id) REFERENCES public.school_app_student(id) DEFERRABLE INITIALLY DEFERRED;


--
-- Name: school_app_studentsubjectremark school_app_studentsu_exam_id_73bcd051_fk_school_ap; Type: FK CONSTRAINT; Schema: public; Owner: postgres
--

ALTER TABLE ONLY public.school_app_studentsubjectremark
    ADD CONSTRAINT school_app_studentsu_exam_id_73bcd051_fk_school_ap FOREIGN KEY (exam_id) REFERENCES public.school_app_exam(id) DEFERRABLE INITIALLY DEFERRED;


--
-- Name: school_app_studentsubjectremark school_app_studentsu_student_id_2135d480_fk_school_ap; Type: FK CONSTRAINT; Schema: public; Owner: postgres
--

ALTER TABLE ONLY public.school_app_studentsubjectremark
    ADD CONSTRAINT school_app_studentsu_student_id_2135d480_fk_school_ap FOREIGN KEY (student_id) REFERENCES public.school_app_student(id) DEFERRABLE INITIALLY DEFERRED;


--
-- Name: school_app_studentsubjectremark school_app_studentsu_subject_id_3ce1037c_fk_school_ap; Type: FK CONSTRAINT; Schema: public; Owner: postgres
--

ALTER TABLE ONLY public.school_app_studentsubjectremark
    ADD CONSTRAINT school_app_studentsu_subject_id_3ce1037c_fk_school_ap FOREIGN KEY (subject_id) REFERENCES public.school_app_subject(id) DEFERRABLE INITIALLY DEFERRED;


--
-- Name: school_app_subsubject school_app_subsubjec_subject_id_0587b898_fk_school_ap; Type: FK CONSTRAINT; Schema: public; Owner: postgres
--

ALTER TABLE ONLY public.school_app_subsubject
    ADD CONSTRAINT school_app_subsubjec_subject_id_0587b898_fk_school_ap FOREIGN KEY (subject_id) REFERENCES public.school_app_subject(id) DEFERRABLE INITIALLY DEFERRED;


--
-- Name: school_app_teacher_assigned_classes school_app_teacher_a_class_id_6c90f39c_fk_school_ap; Type: FK CONSTRAINT; Schema: public; Owner: postgres
--

ALTER TABLE ONLY public.school_app_teacher_assigned_classes
    ADD CONSTRAINT school_app_teacher_a_class_id_6c90f39c_fk_school_ap FOREIGN KEY (class_id) REFERENCES public.school_app_class(id) DEFERRABLE INITIALLY DEFERRED;


--
-- Name: school_app_teacher_assigned_classes school_app_teacher_a_teacher_id_ad5bb8f3_fk_school_ap; Type: FK CONSTRAINT; Schema: public; Owner: postgres
--

ALTER TABLE ONLY public.school_app_teacher_assigned_classes
    ADD CONSTRAINT school_app_teacher_a_teacher_id_ad5bb8f3_fk_school_ap FOREIGN KEY (teacher_id) REFERENCES public.school_app_teacher(id) DEFERRABLE INITIALLY DEFERRED;


--
-- Name: school_app_teacher school_app_teacher_class_teacher_of_id_00ddbb48_fk_school_ap; Type: FK CONSTRAINT; Schema: public; Owner: postgres
--

ALTER TABLE ONLY public.school_app_teacher
    ADD CONSTRAINT school_app_teacher_class_teacher_of_id_00ddbb48_fk_school_ap FOREIGN KEY (class_teacher_of_id) REFERENCES public.school_app_class(id) DEFERRABLE INITIALLY DEFERRED;


--
-- Name: school_app_teacher_subject_class_relation_assigned_classes school_app_teacher_s_class_id_6f49c68b_fk_school_ap; Type: FK CONSTRAINT; Schema: public; Owner: postgres
--

ALTER TABLE ONLY public.school_app_teacher_subject_class_relation_assigned_classes
    ADD CONSTRAINT school_app_teacher_s_class_id_6f49c68b_fk_school_ap FOREIGN KEY (class_id) REFERENCES public.school_app_class(id) DEFERRABLE INITIALLY DEFERRED;


--
-- Name: school_app_teacher_subject_class_relation school_app_teacher_s_subject_id_253ec2c2_fk_school_ap; Type: FK CONSTRAINT; Schema: public; Owner: postgres
--

ALTER TABLE ONLY public.school_app_teacher_subject_class_relation
    ADD CONSTRAINT school_app_teacher_s_subject_id_253ec2c2_fk_school_ap FOREIGN KEY (subject_id) REFERENCES public.school_app_subject(id) DEFERRABLE INITIALLY DEFERRED;


--
-- Name: school_app_teacher_subjects school_app_teacher_s_subject_id_751bb123_fk_school_ap; Type: FK CONSTRAINT; Schema: public; Owner: postgres
--

ALTER TABLE ONLY public.school_app_teacher_subjects
    ADD CONSTRAINT school_app_teacher_s_subject_id_751bb123_fk_school_ap FOREIGN KEY (subject_id) REFERENCES public.school_app_subject(id) DEFERRABLE INITIALLY DEFERRED;


--
-- Name: school_app_teacher_subjects school_app_teacher_s_teacher_id_904591f4_fk_school_ap; Type: FK CONSTRAINT; Schema: public; Owner: postgres
--

ALTER TABLE ONLY public.school_app_teacher_subjects
    ADD CONSTRAINT school_app_teacher_s_teacher_id_904591f4_fk_school_ap FOREIGN KEY (teacher_id) REFERENCES public.school_app_teacher(id) DEFERRABLE INITIALLY DEFERRED;


--
-- Name: school_app_teacher_subject_class_relation school_app_teacher_s_teacher_id_dd5354c5_fk_school_ap; Type: FK CONSTRAINT; Schema: public; Owner: postgres
--

ALTER TABLE ONLY public.school_app_teacher_subject_class_relation
    ADD CONSTRAINT school_app_teacher_s_teacher_id_dd5354c5_fk_school_ap FOREIGN KEY (teacher_id) REFERENCES public.school_app_teacher(id) DEFERRABLE INITIALLY DEFERRED;


--
-- Name: school_app_teacher_subject_class_relation_assigned_classes school_app_teacher_s_teacher_subject_clas_d6adb667_fk_school_ap; Type: FK CONSTRAINT; Schema: public; Owner: postgres
--

ALTER TABLE ONLY public.school_app_teacher_subject_class_relation_assigned_classes
    ADD CONSTRAINT school_app_teacher_s_teacher_subject_clas_d6adb667_fk_school_ap FOREIGN KEY (teacher_subject_class_relation_id) REFERENCES public.school_app_teacher_subject_class_relation(id) DEFERRABLE INITIALLY DEFERRED;


--
-- Name: school_app_timetable school_app_timetable_class_obj_id_876dce7d_fk_school_ap; Type: FK CONSTRAINT; Schema: public; Owner: postgres
--

ALTER TABLE ONLY public.school_app_timetable
    ADD CONSTRAINT school_app_timetable_class_obj_id_876dce7d_fk_school_ap FOREIGN KEY (class_obj_id) REFERENCES public.school_app_class(id) DEFERRABLE INITIALLY DEFERRED;


--
-- Name: school_app_timetable school_app_timetable_subject_id_5a071d85_fk_school_ap; Type: FK CONSTRAINT; Schema: public; Owner: postgres
--

ALTER TABLE ONLY public.school_app_timetable
    ADD CONSTRAINT school_app_timetable_subject_id_5a071d85_fk_school_ap FOREIGN KEY (subject_id) REFERENCES public.school_app_subject(id) DEFERRABLE INITIALLY DEFERRED;


--
-- Name: school_app_timetable school_app_timetable_teacher_id_42b18e73_fk_school_ap; Type: FK CONSTRAINT; Schema: public; Owner: postgres
--

ALTER TABLE ONLY public.school_app_timetable
    ADD CONSTRAINT school_app_timetable_teacher_id_42b18e73_fk_school_ap FOREIGN KEY (teacher_id) REFERENCES public.school_app_teacher(id) DEFERRABLE INITIALLY DEFERRED;


--
-- Name: school_app_timetable school_app_timetable_teacher_subject_id_f5c2f275_fk_school_ap; Type: FK CONSTRAINT; Schema: public; Owner: postgres
--

ALTER TABLE ONLY public.school_app_timetable
    ADD CONSTRAINT school_app_timetable_teacher_subject_id_f5c2f275_fk_school_ap FOREIGN KEY (teacher_subject_id) REFERENCES public.school_app_teacher_subject_class_relation(id) DEFERRABLE INITIALLY DEFERRED;


--
-- PostgreSQL database dump complete
--

