--
-- PostgreSQL database dump
--

-- Dumped from database version 17.4
-- Dumped by pg_dump version 17.4

SET statement_timeout = 0;
SET lock_timeout = 0;
SET idle_in_transaction_session_timeout = 0;
SET transaction_timeout = 0;
SET client_encoding = 'UTF8';
SET standard_conforming_strings = on;
SELECT pg_catalog.set_config('search_path', '', false);
SET check_function_bodies = false;
SET xmloption = content;
SET client_min_messages = warning;
SET row_security = off;

SET default_tablespace = '';

SET default_table_access_method = heap;

--
-- Name: auth_group; Type: TABLE; Schema: public; Owner: postgres
--

CREATE TABLE public.auth_group (
    id integer NOT NULL,
    name character varying(150) NOT NULL
);


ALTER TABLE public.auth_group OWNER TO postgres;

--
-- Name: auth_group_id_seq; Type: SEQUENCE; Schema: public; Owner: postgres
--

ALTER TABLE public.auth_group ALTER COLUMN id ADD GENERATED BY DEFAULT AS IDENTITY (
    SEQUENCE NAME public.auth_group_id_seq
    START WITH 1
    INCREMENT BY 1
    NO MINVALUE
    NO MAXVALUE
    CACHE 1
);


--
-- Name: auth_group_permissions; Type: TABLE; Schema: public; Owner: postgres
--

CREATE TABLE public.auth_group_permissions (
    id bigint NOT NULL,
    group_id integer NOT NULL,
    permission_id integer NOT NULL
);


ALTER TABLE public.auth_group_permissions OWNER TO postgres;

--
-- Name: auth_group_permissions_id_seq; Type: SEQUENCE; Schema: public; Owner: postgres
--

ALTER TABLE public.auth_group_permissions ALTER COLUMN id ADD GENERATED BY DEFAULT AS IDENTITY (
    SEQUENCE NAME public.auth_group_permissions_id_seq
    START WITH 1
    INCREMENT BY 1
    NO MINVALUE
    NO MAXVALUE
    CACHE 1
);


--
-- Name: auth_permission; Type: TABLE; Schema: public; Owner: postgres
--

CREATE TABLE public.auth_permission (
    id integer NOT NULL,
    name character varying(255) NOT NULL,
    content_type_id integer NOT NULL,
    codename character varying(100) NOT NULL
);


ALTER TABLE public.auth_permission OWNER TO postgres;

--
-- Name: auth_permission_id_seq; Type: SEQUENCE; Schema: public; Owner: postgres
--

ALTER TABLE public.auth_permission ALTER COLUMN id ADD GENERATED BY DEFAULT AS IDENTITY (
    SEQUENCE NAME public.auth_permission_id_seq
    START WITH 1
    INCREMENT BY 1
    NO MINVALUE
    NO MAXVALUE
    CACHE 1
);


--
-- Name: auth_user; Type: TABLE; Schema: public; Owner: postgres
--

CREATE TABLE public.auth_user (
    id integer NOT NULL,
    password character varying(128) NOT NULL,
    last_login timestamp with time zone,
    is_superuser boolean NOT NULL,
    username character varying(150) NOT NULL,
    first_name character varying(150) NOT NULL,
    last_name character varying(150) NOT NULL,
    email character varying(254) NOT NULL,
    is_staff boolean NOT NULL,
    is_active boolean NOT NULL,
    date_joined timestamp with time zone NOT NULL
);


ALTER TABLE public.auth_user OWNER TO postgres;

--
-- Name: auth_user_groups; Type: TABLE; Schema: public; Owner: postgres
--

CREATE TABLE public.auth_user_groups (
    id bigint NOT NULL,
    user_id integer NOT NULL,
    group_id integer NOT NULL
);


ALTER TABLE public.auth_user_groups OWNER TO postgres;

--
-- Name: auth_user_groups_id_seq; Type: SEQUENCE; Schema: public; Owner: postgres
--

ALTER TABLE public.auth_user_groups ALTER COLUMN id ADD GENERATED BY DEFAULT AS IDENTITY (
    SEQUENCE NAME public.auth_user_groups_id_seq
    START WITH 1
    INCREMENT BY 1
    NO MINVALUE
    NO MAXVALUE
    CACHE 1
);


--
-- Name: auth_user_id_seq; Type: SEQUENCE; Schema: public; Owner: postgres
--

ALTER TABLE public.auth_user ALTER COLUMN id ADD GENERATED BY DEFAULT AS IDENTITY (
    SEQUENCE NAME public.auth_user_id_seq
    START WITH 1
    INCREMENT BY 1
    NO MINVALUE
    NO MAXVALUE
    CACHE 1
);


--
-- Name: auth_user_user_permissions; Type: TABLE; Schema: public; Owner: postgres
--

CREATE TABLE public.auth_user_user_permissions (
    id bigint NOT NULL,
    user_id integer NOT NULL,
    permission_id integer NOT NULL
);


ALTER TABLE public.auth_user_user_permissions OWNER TO postgres;

--
-- Name: auth_user_user_permissions_id_seq; Type: SEQUENCE; Schema: public; Owner: postgres
--

ALTER TABLE public.auth_user_user_permissions ALTER COLUMN id ADD GENERATED BY DEFAULT AS IDENTITY (
    SEQUENCE NAME public.auth_user_user_permissions_id_seq
    START WITH 1
    INCREMENT BY 1
    NO MINVALUE
    NO MAXVALUE
    CACHE 1
);


--
-- Name: django_admin_log; Type: TABLE; Schema: public; Owner: postgres
--

CREATE TABLE public.django_admin_log (
    id integer NOT NULL,
    action_time timestamp with time zone NOT NULL,
    object_id text,
    object_repr character varying(200) NOT NULL,
    action_flag smallint NOT NULL,
    change_message text NOT NULL,
    content_type_id integer,
    user_id integer NOT NULL,
    CONSTRAINT django_admin_log_action_flag_check CHECK ((action_flag >= 0))
);


ALTER TABLE public.django_admin_log OWNER TO postgres;

--
-- Name: django_admin_log_id_seq; Type: SEQUENCE; Schema: public; Owner: postgres
--

ALTER TABLE public.django_admin_log ALTER COLUMN id ADD GENERATED BY DEFAULT AS IDENTITY (
    SEQUENCE NAME public.django_admin_log_id_seq
    START WITH 1
    INCREMENT BY 1
    NO MINVALUE
    NO MAXVALUE
    CACHE 1
);


--
-- Name: django_content_type; Type: TABLE; Schema: public; Owner: postgres
--

CREATE TABLE public.django_content_type (
    id integer NOT NULL,
    app_label character varying(100) NOT NULL,
    model character varying(100) NOT NULL
);


ALTER TABLE public.django_content_type OWNER TO postgres;

--
-- Name: django_content_type_id_seq; Type: SEQUENCE; Schema: public; Owner: postgres
--

ALTER TABLE public.django_content_type ALTER COLUMN id ADD GENERATED BY DEFAULT AS IDENTITY (
    SEQUENCE NAME public.django_content_type_id_seq
    START WITH 1
    INCREMENT BY 1
    NO MINVALUE
    NO MAXVALUE
    CACHE 1
);


--
-- Name: django_migrations; Type: TABLE; Schema: public; Owner: postgres
--

CREATE TABLE public.django_migrations (
    id bigint NOT NULL,
    app character varying(255) NOT NULL,
    name character varying(255) NOT NULL,
    applied timestamp with time zone NOT NULL
);


ALTER TABLE public.django_migrations OWNER TO postgres;

--
-- Name: django_migrations_id_seq; Type: SEQUENCE; Schema: public; Owner: postgres
--

ALTER TABLE public.django_migrations ALTER COLUMN id ADD GENERATED BY DEFAULT AS IDENTITY (
    SEQUENCE NAME public.django_migrations_id_seq
    START WITH 1
    INCREMENT BY 1
    NO MINVALUE
    NO MAXVALUE
    CACHE 1
);


--
-- Name: django_session; Type: TABLE; Schema: public; Owner: postgres
--

CREATE TABLE public.django_session (
    session_key character varying(40) NOT NULL,
    session_data text NOT NULL,
    expire_date timestamp with time zone NOT NULL
);


ALTER TABLE public.django_session OWNER TO postgres;

--
-- Name: school_app_academicyear; Type: TABLE; Schema: public; Owner: postgres
--

CREATE TABLE public.school_app_academicyear (
    id bigint NOT NULL,
    name character varying(50) NOT NULL,
    start_date date NOT NULL,
    end_date date NOT NULL
);


ALTER TABLE public.school_app_academicyear OWNER TO postgres;

--
-- Name: school_app_academicyear_id_seq; Type: SEQUENCE; Schema: public; Owner: postgres
--

ALTER TABLE public.school_app_academicyear ALTER COLUMN id ADD GENERATED BY DEFAULT AS IDENTITY (
    SEQUENCE NAME public.school_app_academicyear_id_seq
    START WITH 1
    INCREMENT BY 1
    NO MINVALUE
    NO MAXVALUE
    CACHE 1
);


--
-- Name: school_app_aitimetableentry; Type: TABLE; Schema: public; Owner: postgres
--

CREATE TABLE public.school_app_aitimetableentry (
    id bigint NOT NULL,
    period_number smallint NOT NULL,
    start_time time without time zone NOT NULL,
    end_time time without time zone NOT NULL,
    class_assigned_id bigint NOT NULL,
    subject_id bigint NOT NULL,
    teacher_id bigint,
    school_day_id bigint NOT NULL,
    CONSTRAINT school_app_aitimetableentry_period_number_check CHECK ((period_number >= 0))
);


ALTER TABLE public.school_app_aitimetableentry OWNER TO postgres;

--
-- Name: school_app_aitimetableentry_id_seq; Type: SEQUENCE; Schema: public; Owner: postgres
--

ALTER TABLE public.school_app_aitimetableentry ALTER COLUMN id ADD GENERATED BY DEFAULT AS IDENTITY (
    SEQUENCE NAME public.school_app_aitimetableentry_id_seq
    START WITH 1
    INCREMENT BY 1
    NO MINVALUE
    NO MAXVALUE
    CACHE 1
);


--
-- Name: school_app_aitimetablesettings; Type: TABLE; Schema: public; Owner: postgres
--

CREATE TABLE public.school_app_aitimetablesettings (
    id bigint NOT NULL,
    num_periods integer NOT NULL,
    period_duration integer NOT NULL,
    gap_between_periods integer NOT NULL,
    break_after_period_1 integer NOT NULL,
    break_after_period_2 integer NOT NULL,
    break_duration integer NOT NULL,
    start_hour integer NOT NULL,
    start_minute integer NOT NULL,
    CONSTRAINT school_app_aitimetablesettings_break_after_period_1_check CHECK ((break_after_period_1 >= 0)),
    CONSTRAINT school_app_aitimetablesettings_break_after_period_2_check CHECK ((break_after_period_2 >= 0)),
    CONSTRAINT school_app_aitimetablesettings_break_duration_check CHECK ((break_duration >= 0)),
    CONSTRAINT school_app_aitimetablesettings_gap_between_periods_check CHECK ((gap_between_periods >= 0)),
    CONSTRAINT school_app_aitimetablesettings_num_periods_check CHECK ((num_periods >= 0)),
    CONSTRAINT school_app_aitimetablesettings_period_duration_check CHECK ((period_duration >= 0)),
    CONSTRAINT school_app_aitimetablesettings_start_hour_check CHECK ((start_hour >= 0)),
    CONSTRAINT school_app_aitimetablesettings_start_minute_check CHECK ((start_minute >= 0))
);


ALTER TABLE public.school_app_aitimetablesettings OWNER TO postgres;

--
-- Name: school_app_aitimetablesettings_id_seq; Type: SEQUENCE; Schema: public; Owner: postgres
--

ALTER TABLE public.school_app_aitimetablesettings ALTER COLUMN id ADD GENERATED BY DEFAULT AS IDENTITY (
    SEQUENCE NAME public.school_app_aitimetablesettings_id_seq
    START WITH 1
    INCREMENT BY 1
    NO MINVALUE
    NO MAXVALUE
    CACHE 1
);


--
-- Name: school_app_breakperiod; Type: TABLE; Schema: public; Owner: postgres
--

CREATE TABLE public.school_app_breakperiod (
    id bigint NOT NULL,
    day character varying(10) NOT NULL,
    period integer NOT NULL,
    start_time time without time zone NOT NULL,
    end_time time without time zone NOT NULL,
    break_type character varying(10) NOT NULL
);


ALTER TABLE public.school_app_breakperiod OWNER TO postgres;

--
-- Name: school_app_breakperiod_id_seq; Type: SEQUENCE; Schema: public; Owner: postgres
--

ALTER TABLE public.school_app_breakperiod ALTER COLUMN id ADD GENERATED BY DEFAULT AS IDENTITY (
    SEQUENCE NAME public.school_app_breakperiod_id_seq
    START WITH 1
    INCREMENT BY 1
    NO MINVALUE
    NO MAXVALUE
    CACHE 1
);


--
-- Name: school_app_class; Type: TABLE; Schema: public; Owner: postgres
--

CREATE TABLE public.school_app_class (
    id bigint NOT NULL,
    name character varying(100) NOT NULL,
    syllabus text,
    academic_year_id bigint,
    class_teacher_id bigint
);


ALTER TABLE public.school_app_class OWNER TO postgres;

--
-- Name: school_app_class_id_seq; Type: SEQUENCE; Schema: public; Owner: postgres
--

ALTER TABLE public.school_app_class ALTER COLUMN id ADD GENERATED BY DEFAULT AS IDENTITY (
    SEQUENCE NAME public.school_app_class_id_seq
    START WITH 1
    INCREMENT BY 1
    NO MINVALUE
    NO MAXVALUE
    CACHE 1
);


--
-- Name: school_app_classsubsubjectassignment; Type: TABLE; Schema: public; Owner: postgres
--

CREATE TABLE public.school_app_classsubsubjectassignment (
    id bigint NOT NULL,
    school_class_id bigint NOT NULL,
    subject_id bigint NOT NULL,
    subsubject_id bigint NOT NULL
);


ALTER TABLE public.school_app_classsubsubjectassignment OWNER TO postgres;

--
-- Name: school_app_classsubsubjectassignment_id_seq; Type: SEQUENCE; Schema: public; Owner: postgres
--

ALTER TABLE public.school_app_classsubsubjectassignment ALTER COLUMN id ADD GENERATED BY DEFAULT AS IDENTITY (
    SEQUENCE NAME public.school_app_classsubsubjectassignment_id_seq
    START WITH 1
    INCREMENT BY 1
    NO MINVALUE
    NO MAXVALUE
    CACHE 1
);


--
-- Name: school_app_dailytimetableentry; Type: TABLE; Schema: public; Owner: postgres
--

CREATE TABLE public.school_app_dailytimetableentry (
    id bigint NOT NULL,
    date date NOT NULL,
    period_number smallint NOT NULL,
    start_time time without time zone NOT NULL,
    end_time time without time zone NOT NULL,
    classroom_id bigint NOT NULL,
    subject_id bigint NOT NULL,
    teacher_id bigint,
    CONSTRAINT school_app_dailytimetableentry_period_number_check CHECK ((period_number >= 0))
);


ALTER TABLE public.school_app_dailytimetableentry OWNER TO postgres;

--
-- Name: school_app_dailytimetableentry_id_seq; Type: SEQUENCE; Schema: public; Owner: postgres
--

ALTER TABLE public.school_app_dailytimetableentry ALTER COLUMN id ADD GENERATED BY DEFAULT AS IDENTITY (
    SEQUENCE NAME public.school_app_dailytimetableentry_id_seq
    START WITH 1
    INCREMENT BY 1
    NO MINVALUE
    NO MAXVALUE
    CACHE 1
);


--
-- Name: school_app_exam; Type: TABLE; Schema: public; Owner: postgres
--

CREATE TABLE public.school_app_exam (
    id bigint NOT NULL,
    name character varying(100) NOT NULL
);


ALTER TABLE public.school_app_exam OWNER TO postgres;

--
-- Name: school_app_exam_id_seq; Type: SEQUENCE; Schema: public; Owner: postgres
--

ALTER TABLE public.school_app_exam ALTER COLUMN id ADD GENERATED BY DEFAULT AS IDENTITY (
    SEQUENCE NAME public.school_app_exam_id_seq
    START WITH 1
    INCREMENT BY 1
    NO MINVALUE
    NO MAXVALUE
    CACHE 1
);


--
-- Name: school_app_examschedule; Type: TABLE; Schema: public; Owner: postgres
--

CREATE TABLE public.school_app_examschedule (
    id bigint NOT NULL,
    date date NOT NULL,
    total_marks integer NOT NULL,
    exam_id bigint NOT NULL,
    school_class_id bigint NOT NULL,
    subject_id bigint NOT NULL
);


ALTER TABLE public.school_app_examschedule OWNER TO postgres;

--
-- Name: school_app_examschedule_id_seq; Type: SEQUENCE; Schema: public; Owner: postgres
--

ALTER TABLE public.school_app_examschedule ALTER COLUMN id ADD GENERATED BY DEFAULT AS IDENTITY (
    SEQUENCE NAME public.school_app_examschedule_id_seq
    START WITH 1
    INCREMENT BY 1
    NO MINVALUE
    NO MAXVALUE
    CACHE 1
);


--
-- Name: school_app_holiday; Type: TABLE; Schema: public; Owner: postgres
--

CREATE TABLE public.school_app_holiday (
    id bigint NOT NULL,
    date date NOT NULL,
    reason character varying(100) NOT NULL,
    academic_year_id bigint NOT NULL
);


ALTER TABLE public.school_app_holiday OWNER TO postgres;

--
-- Name: school_app_holiday_id_seq; Type: SEQUENCE; Schema: public; Owner: postgres
--

ALTER TABLE public.school_app_holiday ALTER COLUMN id ADD GENERATED BY DEFAULT AS IDENTITY (
    SEQUENCE NAME public.school_app_holiday_id_seq
    START WITH 1
    INCREMENT BY 1
    NO MINVALUE
    NO MAXVALUE
    CACHE 1
);


--
-- Name: school_app_internalassessment; Type: TABLE; Schema: public; Owner: postgres
--

CREATE TABLE public.school_app_internalassessment (
    id bigint NOT NULL,
    syllabus_assessment character varying(255),
    softskill_assessment character varying(255),
    exam_id bigint NOT NULL,
    school_class_id bigint NOT NULL,
    student_id bigint,
    subject_id bigint NOT NULL,
    subsubject_id bigint
);


ALTER TABLE public.school_app_internalassessment OWNER TO postgres;

--
-- Name: school_app_internalassessment_id_seq; Type: SEQUENCE; Schema: public; Owner: postgres
--

ALTER TABLE public.school_app_internalassessment ALTER COLUMN id ADD GENERATED BY DEFAULT AS IDENTITY (
    SEQUENCE NAME public.school_app_internalassessment_id_seq
    START WITH 1
    INCREMENT BY 1
    NO MINVALUE
    NO MAXVALUE
    CACHE 1
);


--
-- Name: school_app_marks; Type: TABLE; Schema: public; Owner: postgres
--

CREATE TABLE public.school_app_marks (
    id bigint NOT NULL,
    marks_obtained double precision,
    total_obtained_marks double precision,
    remarks text,
    exam_id bigint NOT NULL,
    student_id bigint NOT NULL,
    subject_id bigint NOT NULL
);


ALTER TABLE public.school_app_marks OWNER TO postgres;

--
-- Name: school_app_marks_id_seq; Type: SEQUENCE; Schema: public; Owner: postgres
--

ALTER TABLE public.school_app_marks ALTER COLUMN id ADD GENERATED BY DEFAULT AS IDENTITY (
    SEQUENCE NAME public.school_app_marks_id_seq
    START WITH 1
    INCREMENT BY 1
    NO MINVALUE
    NO MAXVALUE
    CACHE 1
);


--
-- Name: school_app_mediafile; Type: TABLE; Schema: public; Owner: postgres
--

CREATE TABLE public.school_app_mediafile (
    id bigint NOT NULL,
    title character varying(255) NOT NULL,
    description text NOT NULL,
    file character varying(100) NOT NULL,
    media_type character varying(10) NOT NULL,
    category character varying(100) NOT NULL,
    uploaded_at timestamp with time zone NOT NULL
);


ALTER TABLE public.school_app_mediafile OWNER TO postgres;

--
-- Name: school_app_mediafile_id_seq; Type: SEQUENCE; Schema: public; Owner: postgres
--

ALTER TABLE public.school_app_mediafile ALTER COLUMN id ADD GENERATED BY DEFAULT AS IDENTITY (
    SEQUENCE NAME public.school_app_mediafile_id_seq
    START WITH 1
    INCREMENT BY 1
    NO MINVALUE
    NO MAXVALUE
    CACHE 1
);


--
-- Name: school_app_parent; Type: TABLE; Schema: public; Owner: postgres
--

CREATE TABLE public.school_app_parent (
    id bigint NOT NULL,
    name character varying(100) NOT NULL,
    username character varying(20) NOT NULL,
    password character varying(128) NOT NULL,
    phone character varying(15) NOT NULL,
    aadhar character varying(12) NOT NULL,
    email character varying(254),
    address text,
    last_login timestamp with time zone
);


ALTER TABLE public.school_app_parent OWNER TO postgres;

--
-- Name: school_app_parent_id_seq; Type: SEQUENCE; Schema: public; Owner: postgres
--

ALTER TABLE public.school_app_parent ALTER COLUMN id ADD GENERATED BY DEFAULT AS IDENTITY (
    SEQUENCE NAME public.school_app_parent_id_seq
    START WITH 1
    INCREMENT BY 1
    NO MINVALUE
    NO MAXVALUE
    CACHE 1
);


--
-- Name: school_app_periodtiming; Type: TABLE; Schema: public; Owner: postgres
--

CREATE TABLE public.school_app_periodtiming (
    id bigint NOT NULL,
    period integer NOT NULL,
    default_start_time time without time zone NOT NULL,
    default_end_time time without time zone NOT NULL
);


ALTER TABLE public.school_app_periodtiming OWNER TO postgres;

--
-- Name: school_app_periodtiming_id_seq; Type: SEQUENCE; Schema: public; Owner: postgres
--

ALTER TABLE public.school_app_periodtiming ALTER COLUMN id ADD GENERATED BY DEFAULT AS IDENTITY (
    SEQUENCE NAME public.school_app_periodtiming_id_seq
    START WITH 1
    INCREMENT BY 1
    NO MINVALUE
    NO MAXVALUE
    CACHE 1
);


--
-- Name: school_app_schoolday; Type: TABLE; Schema: public; Owner: postgres
--

CREATE TABLE public.school_app_schoolday (
    id bigint NOT NULL,
    day_name character varying(3) NOT NULL
);


ALTER TABLE public.school_app_schoolday OWNER TO postgres;

--
-- Name: school_app_schoolday_id_seq; Type: SEQUENCE; Schema: public; Owner: postgres
--

ALTER TABLE public.school_app_schoolday ALTER COLUMN id ADD GENERATED BY DEFAULT AS IDENTITY (
    SEQUENCE NAME public.school_app_schoolday_id_seq
    START WITH 1
    INCREMENT BY 1
    NO MINVALUE
    NO MAXVALUE
    CACHE 1
);


--
-- Name: school_app_schoolprofile; Type: TABLE; Schema: public; Owner: postgres
--

CREATE TABLE public.school_app_schoolprofile (
    id bigint NOT NULL,
    name character varying(255) NOT NULL,
    address text NOT NULL,
    phone_number character varying(20) NOT NULL,
    email character varying(254) NOT NULL,
    principal_name character varying(255) NOT NULL,
    logo character varying(100)
);


ALTER TABLE public.school_app_schoolprofile OWNER TO postgres;

--
-- Name: school_app_schoolprofile_id_seq; Type: SEQUENCE; Schema: public; Owner: postgres
--

ALTER TABLE public.school_app_schoolprofile ALTER COLUMN id ADD GENERATED BY DEFAULT AS IDENTITY (
    SEQUENCE NAME public.school_app_schoolprofile_id_seq
    START WITH 1
    INCREMENT BY 1
    NO MINVALUE
    NO MAXVALUE
    CACHE 1
);


--
-- Name: school_app_skillordevelopmentarea; Type: TABLE; Schema: public; Owner: postgres
--

CREATE TABLE public.school_app_skillordevelopmentarea (
    id bigint NOT NULL,
    syllabus_assessment character varying(255),
    softskill_assessment character varying(255),
    assessment_date date NOT NULL,
    created_at timestamp with time zone NOT NULL,
    updated_at timestamp with time zone NOT NULL,
    school_class_id bigint NOT NULL,
    student_id bigint NOT NULL,
    subject_id bigint NOT NULL
);


ALTER TABLE public.school_app_skillordevelopmentarea OWNER TO postgres;

--
-- Name: school_app_skillordevelopmentarea_id_seq; Type: SEQUENCE; Schema: public; Owner: postgres
--

ALTER TABLE public.school_app_skillordevelopmentarea ALTER COLUMN id ADD GENERATED BY DEFAULT AS IDENTITY (
    SEQUENCE NAME public.school_app_skillordevelopmentarea_id_seq
    START WITH 1
    INCREMENT BY 1
    NO MINVALUE
    NO MAXVALUE
    CACHE 1
);


--
-- Name: school_app_softskillperformance; Type: TABLE; Schema: public; Owner: postgres
--

CREATE TABLE public.school_app_softskillperformance (
    id bigint NOT NULL,
    name character varying(100) NOT NULL
);


ALTER TABLE public.school_app_softskillperformance OWNER TO postgres;

--
-- Name: school_app_softskillperformance_id_seq; Type: SEQUENCE; Schema: public; Owner: postgres
--

ALTER TABLE public.school_app_softskillperformance ALTER COLUMN id ADD GENERATED BY DEFAULT AS IDENTITY (
    SEQUENCE NAME public.school_app_softskillperformance_id_seq
    START WITH 1
    INCREMENT BY 1
    NO MINVALUE
    NO MAXVALUE
    CACHE 1
);


--
-- Name: school_app_student; Type: TABLE; Schema: public; Owner: postgres
--

CREATE TABLE public.school_app_student (
    id bigint NOT NULL,
    name character varying(100) NOT NULL,
    aadhar character varying(12) NOT NULL,
    pen character varying(20),
    email character varying(254),
    phone character varying(15) NOT NULL,
    address text NOT NULL,
    roll_number character varying(20),
    role character varying(50),
    category character varying(10) NOT NULL,
    academic_year_id bigint,
    assigned_class_id bigint NOT NULL,
    parent_id bigint
);


ALTER TABLE public.school_app_student OWNER TO postgres;

--
-- Name: school_app_student_id_seq; Type: SEQUENCE; Schema: public; Owner: postgres
--

ALTER TABLE public.school_app_student ALTER COLUMN id ADD GENERATED BY DEFAULT AS IDENTITY (
    SEQUENCE NAME public.school_app_student_id_seq
    START WITH 1
    INCREMENT BY 1
    NO MINVALUE
    NO MAXVALUE
    CACHE 1
);


--
-- Name: school_app_studentattendance; Type: TABLE; Schema: public; Owner: postgres
--

CREATE TABLE public.school_app_studentattendance (
    id bigint NOT NULL,
    date date NOT NULL,
    status character varying(10) NOT NULL,
    school_class_id bigint NOT NULL,
    student_id bigint NOT NULL
);


ALTER TABLE public.school_app_studentattendance OWNER TO postgres;

--
-- Name: school_app_studentattendance_id_seq; Type: SEQUENCE; Schema: public; Owner: postgres
--

ALTER TABLE public.school_app_studentattendance ALTER COLUMN id ADD GENERATED BY DEFAULT AS IDENTITY (
    SEQUENCE NAME public.school_app_studentattendance_id_seq
    START WITH 1
    INCREMENT BY 1
    NO MINVALUE
    NO MAXVALUE
    CACHE 1
);


--
-- Name: school_app_studentsubjectremark; Type: TABLE; Schema: public; Owner: postgres
--

CREATE TABLE public.school_app_studentsubjectremark (
    id bigint NOT NULL,
    remark text,
    exam_id bigint NOT NULL,
    student_id bigint NOT NULL,
    subject_id bigint NOT NULL
);


ALTER TABLE public.school_app_studentsubjectremark OWNER TO postgres;

--
-- Name: school_app_studentsubjectremark_id_seq; Type: SEQUENCE; Schema: public; Owner: postgres
--

ALTER TABLE public.school_app_studentsubjectremark ALTER COLUMN id ADD GENERATED BY DEFAULT AS IDENTITY (
    SEQUENCE NAME public.school_app_studentsubjectremark_id_seq
    START WITH 1
    INCREMENT BY 1
    NO MINVALUE
    NO MAXVALUE
    CACHE 1
);


--
-- Name: school_app_subject; Type: TABLE; Schema: public; Owner: postgres
--

CREATE TABLE public.school_app_subject (
    id bigint NOT NULL,
    name character varying(100) NOT NULL
);


ALTER TABLE public.school_app_subject OWNER TO postgres;

--
-- Name: school_app_subject_id_seq; Type: SEQUENCE; Schema: public; Owner: postgres
--

ALTER TABLE public.school_app_subject ALTER COLUMN id ADD GENERATED BY DEFAULT AS IDENTITY (
    SEQUENCE NAME public.school_app_subject_id_seq
    START WITH 1
    INCREMENT BY 1
    NO MINVALUE
    NO MAXVALUE
    CACHE 1
);


--
-- Name: school_app_substituteassignment; Type: TABLE; Schema: public; Owner: postgres
--

CREATE TABLE public.school_app_substituteassignment (
    id bigint NOT NULL,
    date date NOT NULL,
    period_number smallint NOT NULL,
    classroom_id bigint NOT NULL,
    original_teacher_id bigint NOT NULL,
    subject_id bigint NOT NULL,
    substitute_teacher_id bigint,
    CONSTRAINT school_app_substituteassignment_period_number_check CHECK ((period_number >= 0))
);


ALTER TABLE public.school_app_substituteassignment OWNER TO postgres;

--
-- Name: school_app_substituteassignment_id_seq; Type: SEQUENCE; Schema: public; Owner: postgres
--

ALTER TABLE public.school_app_substituteassignment ALTER COLUMN id ADD GENERATED BY DEFAULT AS IDENTITY (
    SEQUENCE NAME public.school_app_substituteassignment_id_seq
    START WITH 1
    INCREMENT BY 1
    NO MINVALUE
    NO MAXVALUE
    CACHE 1
);


--
-- Name: school_app_subsubject; Type: TABLE; Schema: public; Owner: postgres
--

CREATE TABLE public.school_app_subsubject (
    id bigint NOT NULL,
    name character varying(100) NOT NULL,
    subject_id bigint NOT NULL
);


ALTER TABLE public.school_app_subsubject OWNER TO postgres;

--
-- Name: school_app_subsubject_id_seq; Type: SEQUENCE; Schema: public; Owner: postgres
--

ALTER TABLE public.school_app_subsubject ALTER COLUMN id ADD GENERATED BY DEFAULT AS IDENTITY (
    SEQUENCE NAME public.school_app_subsubject_id_seq
    START WITH 1
    INCREMENT BY 1
    NO MINVALUE
    NO MAXVALUE
    CACHE 1
);


--
-- Name: school_app_syllabusperformance; Type: TABLE; Schema: public; Owner: postgres
--

CREATE TABLE public.school_app_syllabusperformance (
    id bigint NOT NULL,
    name character varying(100) NOT NULL
);


ALTER TABLE public.school_app_syllabusperformance OWNER TO postgres;

--
-- Name: school_app_syllabusperformance_id_seq; Type: SEQUENCE; Schema: public; Owner: postgres
--

ALTER TABLE public.school_app_syllabusperformance ALTER COLUMN id ADD GENERATED BY DEFAULT AS IDENTITY (
    SEQUENCE NAME public.school_app_syllabusperformance_id_seq
    START WITH 1
    INCREMENT BY 1
    NO MINVALUE
    NO MAXVALUE
    CACHE 1
);


--
-- Name: school_app_teacher; Type: TABLE; Schema: public; Owner: postgres
--

CREATE TABLE public.school_app_teacher (
    id bigint NOT NULL,
    name character varying(100) NOT NULL,
    email character varying(254),
    phone character varying(15) NOT NULL,
    employee_id character varying(10),
    login_id character varying(20),
    password character varying(128),
    is_class_teacher boolean NOT NULL,
    extra_skills text,
    is_absent boolean NOT NULL,
    max_teaching_periods integer NOT NULL,
    class_teacher_of_id bigint,
    CONSTRAINT school_app_teacher_max_teaching_periods_check CHECK ((max_teaching_periods >= 0))
);


ALTER TABLE public.school_app_teacher OWNER TO postgres;

--
-- Name: school_app_teacher_assigned_classes; Type: TABLE; Schema: public; Owner: postgres
--

CREATE TABLE public.school_app_teacher_assigned_classes (
    id bigint NOT NULL,
    teacher_id bigint NOT NULL,
    class_id bigint NOT NULL
);


ALTER TABLE public.school_app_teacher_assigned_classes OWNER TO postgres;

--
-- Name: school_app_teacher_assigned_classes_id_seq; Type: SEQUENCE; Schema: public; Owner: postgres
--

ALTER TABLE public.school_app_teacher_assigned_classes ALTER COLUMN id ADD GENERATED BY DEFAULT AS IDENTITY (
    SEQUENCE NAME public.school_app_teacher_assigned_classes_id_seq
    START WITH 1
    INCREMENT BY 1
    NO MINVALUE
    NO MAXVALUE
    CACHE 1
);


--
-- Name: school_app_teacher_id_seq; Type: SEQUENCE; Schema: public; Owner: postgres
--

ALTER TABLE public.school_app_teacher ALTER COLUMN id ADD GENERATED BY DEFAULT AS IDENTITY (
    SEQUENCE NAME public.school_app_teacher_id_seq
    START WITH 1
    INCREMENT BY 1
    NO MINVALUE
    NO MAXVALUE
    CACHE 1
);


--
-- Name: school_app_teacher_subject_class_relation; Type: TABLE; Schema: public; Owner: postgres
--

CREATE TABLE public.school_app_teacher_subject_class_relation (
    id bigint NOT NULL,
    is_priority_substitute boolean NOT NULL,
    last_login timestamp with time zone,
    subject_id bigint NOT NULL,
    teacher_id bigint
);


ALTER TABLE public.school_app_teacher_subject_class_relation OWNER TO postgres;

--
-- Name: school_app_teacher_subject_class_relation_assigned_classes; Type: TABLE; Schema: public; Owner: postgres
--

CREATE TABLE public.school_app_teacher_subject_class_relation_assigned_classes (
    id bigint NOT NULL,
    teacher_subject_class_relation_id bigint NOT NULL,
    class_id bigint NOT NULL
);


ALTER TABLE public.school_app_teacher_subject_class_relation_assigned_classes OWNER TO postgres;

--
-- Name: school_app_teacher_subject_class_relation_assigned_class_id_seq; Type: SEQUENCE; Schema: public; Owner: postgres
--

ALTER TABLE public.school_app_teacher_subject_class_relation_assigned_classes ALTER COLUMN id ADD GENERATED BY DEFAULT AS IDENTITY (
    SEQUENCE NAME public.school_app_teacher_subject_class_relation_assigned_class_id_seq
    START WITH 1
    INCREMENT BY 1
    NO MINVALUE
    NO MAXVALUE
    CACHE 1
);


--
-- Name: school_app_teacher_subject_class_relation_id_seq; Type: SEQUENCE; Schema: public; Owner: postgres
--

ALTER TABLE public.school_app_teacher_subject_class_relation ALTER COLUMN id ADD GENERATED BY DEFAULT AS IDENTITY (
    SEQUENCE NAME public.school_app_teacher_subject_class_relation_id_seq
    START WITH 1
    INCREMENT BY 1
    NO MINVALUE
    NO MAXVALUE
    CACHE 1
);


--
-- Name: school_app_teacher_subjects; Type: TABLE; Schema: public; Owner: postgres
--

CREATE TABLE public.school_app_teacher_subjects (
    id bigint NOT NULL,
    teacher_id bigint NOT NULL,
    subject_id bigint NOT NULL
);


ALTER TABLE public.school_app_teacher_subjects OWNER TO postgres;

--
-- Name: school_app_teacher_subjects_id_seq; Type: SEQUENCE; Schema: public; Owner: postgres
--

ALTER TABLE public.school_app_teacher_subjects ALTER COLUMN id ADD GENERATED BY DEFAULT AS IDENTITY (
    SEQUENCE NAME public.school_app_teacher_subjects_id_seq
    START WITH 1
    INCREMENT BY 1
    NO MINVALUE
    NO MAXVALUE
    CACHE 1
);


--
-- Name: school_app_teacherattendance; Type: TABLE; Schema: public; Owner: postgres
--

CREATE TABLE public.school_app_teacherattendance (
    id bigint NOT NULL,
    date date NOT NULL,
    status character varying(10) NOT NULL,
    reason text,
    teacher_id bigint NOT NULL
);


ALTER TABLE public.school_app_teacherattendance OWNER TO postgres;

--
-- Name: school_app_teacherattendance_id_seq; Type: SEQUENCE; Schema: public; Owner: postgres
--

ALTER TABLE public.school_app_teacherattendance ALTER COLUMN id ADD GENERATED BY DEFAULT AS IDENTITY (
    SEQUENCE NAME public.school_app_teacherattendance_id_seq
    START WITH 1
    INCREMENT BY 1
    NO MINVALUE
    NO MAXVALUE
    CACHE 1
);


--
-- Name: school_app_timetable; Type: TABLE; Schema: public; Owner: postgres
--

CREATE TABLE public.school_app_timetable (
    id bigint NOT NULL,
    day character varying(10) NOT NULL,
    date date,
    period smallint NOT NULL,
    start_time time without time zone,
    end_time time without time zone,
    is_break boolean NOT NULL,
    class_obj_id bigint NOT NULL,
    subject_id bigint NOT NULL,
    teacher_id bigint NOT NULL,
    teacher_subject_id bigint,
    CONSTRAINT school_app_timetable_period_check CHECK ((period >= 0))
);


ALTER TABLE public.school_app_timetable OWNER TO postgres;

--
-- Name: school_app_timetable_id_seq; Type: SEQUENCE; Schema: public; Owner: postgres
--

ALTER TABLE public.school_app_timetable ALTER COLUMN id ADD GENERATED BY DEFAULT AS IDENTITY (
    SEQUENCE NAME public.school_app_timetable_id_seq
    START WITH 1
    INCREMENT BY 1
    NO MINVALUE
    NO MAXVALUE
    CACHE 1
);


--
-- Name: school_app_transferredstudent; Type: TABLE; Schema: public; Owner: postgres
--

CREATE TABLE public.school_app_transferredstudent (
    id bigint NOT NULL,
    name character varying(255) NOT NULL,
    parent_name character varying(255) NOT NULL,
    parent_email character varying(254),
    parent_phone character varying(20) NOT NULL,
    transferred_on timestamp with time zone NOT NULL,
    marks_snapshot jsonb NOT NULL,
    student_class character varying(100)
);


ALTER TABLE public.school_app_transferredstudent OWNER TO postgres;

--
-- Name: school_app_transferredstudent_id_seq; Type: SEQUENCE; Schema: public; Owner: postgres
--

ALTER TABLE public.school_app_transferredstudent ALTER COLUMN id ADD GENERATED BY DEFAULT AS IDENTITY (
    SEQUENCE NAME public.school_app_transferredstudent_id_seq
    START WITH 1
    INCREMENT BY 1
    NO MINVALUE
    NO MAXVALUE
    CACHE 1
);


--
-- Name: school_app_yearlyevent; Type: TABLE; Schema: public; Owner: postgres
--

CREATE TABLE public.school_app_yearlyevent (
    id bigint NOT NULL,
    title character varying(255) NOT NULL,
    category character varying(50) NOT NULL,
    start_date date NOT NULL,
    end_date date NOT NULL
);


ALTER TABLE public.school_app_yearlyevent OWNER TO postgres;

--
-- Name: school_app_yearlyevent_id_seq; Type: SEQUENCE; Schema: public; Owner: postgres
--

ALTER TABLE public.school_app_yearlyevent ALTER COLUMN id ADD GENERATED BY DEFAULT AS IDENTITY (
    SEQUENCE NAME public.school_app_yearlyevent_id_seq
    START WITH 1
    INCREMENT BY 1
    NO MINVALUE
    NO MAXVALUE
    CACHE 1
);


--
-- Data for Name: auth_group; Type: TABLE DATA; Schema: public; Owner: postgres
--

COPY public.auth_group (id, name) FROM stdin;
\.


--
-- Data for Name: auth_group_permissions; Type: TABLE DATA; Schema: public; Owner: postgres
--

COPY public.auth_group_permissions (id, group_id, permission_id) FROM stdin;
\.


--
-- Data for Name: auth_permission; Type: TABLE DATA; Schema: public; Owner: postgres
--

COPY public.auth_permission (id, name, content_type_id, codename) FROM stdin;
125	Can add transferred student	32	add_transferredstudent
126	Can change transferred student	32	change_transferredstudent
127	Can delete transferred student	32	delete_transferredstudent
128	Can view transferred student	32	view_transferredstudent
129	Can add ai timetable settings	33	add_aitimetablesettings
130	Can change ai timetable settings	33	change_aitimetablesettings
131	Can delete ai timetable settings	33	delete_aitimetablesettings
132	Can view ai timetable settings	33	view_aitimetablesettings
133	Can add ai timetable entry	34	add_aitimetableentry
134	Can change ai timetable entry	34	change_aitimetableentry
135	Can delete ai timetable entry	34	delete_aitimetableentry
136	Can view ai timetable entry	34	view_aitimetableentry
137	Can add school day	35	add_schoolday
138	Can change school day	35	change_schoolday
139	Can delete school day	35	delete_schoolday
140	Can view school day	35	view_schoolday
149	Can add daily time table entry	38	add_dailytimetableentry
150	Can change daily time table entry	38	change_dailytimetableentry
151	Can delete daily time table entry	38	delete_dailytimetableentry
152	Can view daily time table entry	38	view_dailytimetableentry
153	Can add absent teacher	39	add_absentteacher
154	Can change absent teacher	39	change_absentteacher
155	Can delete absent teacher	39	delete_absentteacher
156	Can view absent teacher	39	view_absentteacher
9	Can add group	3	add_group
141	Can add teacher attendance	36	add_teacherattendance
142	Can change teacher attendance	36	change_teacherattendance
143	Can delete teacher attendance	36	delete_teacherattendance
144	Can view teacher attendance	36	view_teacherattendance
157	Can add school profile	40	add_schoolprofile
158	Can change school profile	40	change_schoolprofile
159	Can delete school profile	40	delete_schoolprofile
160	Can view school profile	40	view_schoolprofile
117	Can add academic year	30	add_academicyear
118	Can change academic year	30	change_academicyear
119	Can delete academic year	30	delete_academicyear
120	Can view academic year	30	view_academicyear
121	Can add holiday	31	add_holiday
122	Can change holiday	31	change_holiday
123	Can delete holiday	31	delete_holiday
124	Can view holiday	31	view_holiday
1	Can add log entry	1	add_logentry
2	Can change log entry	1	change_logentry
3	Can delete log entry	1	delete_logentry
4	Can view log entry	1	view_logentry
5	Can add permission	2	add_permission
6	Can change permission	2	change_permission
7	Can delete permission	2	delete_permission
8	Can view permission	2	view_permission
10	Can change group	3	change_group
11	Can delete group	3	delete_group
12	Can view group	3	view_group
13	Can add user	4	add_user
14	Can change user	4	change_user
15	Can delete user	4	delete_user
16	Can view user	4	view_user
17	Can add content type	5	add_contenttype
18	Can change content type	5	change_contenttype
19	Can delete content type	5	delete_contenttype
20	Can view content type	5	view_contenttype
21	Can add session	6	add_session
22	Can change session	6	change_session
23	Can delete session	6	delete_session
24	Can view session	6	view_session
25	Can add break period	7	add_breakperiod
26	Can change break period	7	change_breakperiod
27	Can delete break period	7	delete_breakperiod
28	Can view break period	7	view_breakperiod
29	Can add class	8	add_class
30	Can change class	8	change_class
31	Can delete class	8	delete_class
32	Can view class	8	view_class
33	Can add exam	9	add_exam
34	Can change exam	9	change_exam
35	Can delete exam	9	delete_exam
36	Can view exam	9	view_exam
37	Can add parent	10	add_parent
38	Can change parent	10	change_parent
39	Can delete parent	10	delete_parent
40	Can view parent	10	view_parent
41	Can add period timing	11	add_periodtiming
42	Can change period timing	11	change_periodtiming
43	Can delete period timing	11	delete_periodtiming
44	Can view period timing	11	view_periodtiming
45	Can add subject	12	add_subject
46	Can change subject	12	change_subject
47	Can delete subject	12	delete_subject
48	Can view subject	12	view_subject
49	Can add yearly event	13	add_yearlyevent
50	Can change yearly event	13	change_yearlyevent
51	Can delete yearly event	13	delete_yearlyevent
52	Can view yearly event	13	view_yearlyevent
53	Can add exam date	14	add_examdate
54	Can change exam date	14	change_examdate
55	Can delete exam date	14	delete_examdate
56	Can view exam date	14	view_examdate
57	Can add student	15	add_student
58	Can change student	15	change_student
59	Can delete student	15	delete_student
60	Can view student	15	view_student
61	Can add marks	16	add_marks
62	Can change marks	16	change_marks
63	Can delete marks	16	delete_marks
64	Can view marks	16	view_marks
65	Can add sub subject	17	add_subsubject
66	Can change sub subject	17	change_subsubject
67	Can delete sub subject	17	delete_subsubject
68	Can view sub subject	17	view_subsubject
69	Can add teacher	18	add_teacher
70	Can change teacher	18	change_teacher
71	Can delete teacher	18	delete_teacher
72	Can view teacher	18	view_teacher
73	Can add teacher_ subject_ class_ relation	19	add_teacher_subject_class_relation
74	Can change teacher_ subject_ class_ relation	19	change_teacher_subject_class_relation
75	Can delete teacher_ subject_ class_ relation	19	delete_teacher_subject_class_relation
76	Can view teacher_ subject_ class_ relation	19	view_teacher_subject_class_relation
77	Can add timetable	20	add_timetable
78	Can change timetable	20	change_timetable
79	Can delete timetable	20	delete_timetable
80	Can view timetable	20	view_timetable
81	Can add exam schedule	21	add_examschedule
82	Can change exam schedule	21	change_examschedule
83	Can delete exam schedule	21	delete_examschedule
84	Can view exam schedule	21	view_examschedule
85	Can add internal assessment	22	add_internalassessment
86	Can change internal assessment	22	change_internalassessment
87	Can delete internal assessment	22	delete_internalassessment
88	Can view internal assessment	22	view_internalassessment
89	Can add class sub subject assignment	23	add_classsubsubjectassignment
90	Can change class sub subject assignment	23	change_classsubsubjectassignment
91	Can delete class sub subject assignment	23	delete_classsubsubjectassignment
92	Can view class sub subject assignment	23	view_classsubsubjectassignment
93	Can add student attendance	24	add_studentattendance
94	Can change student attendance	24	change_studentattendance
95	Can delete student attendance	24	delete_studentattendance
96	Can view student attendance	24	view_studentattendance
97	Can add student subject remark	25	add_studentsubjectremark
98	Can change student subject remark	25	change_studentsubjectremark
99	Can delete student subject remark	25	delete_studentsubjectremark
100	Can view student subject remark	25	view_studentsubjectremark
101	Can add media file	26	add_mediafile
102	Can change media file	26	change_mediafile
103	Can delete media file	26	delete_mediafile
104	Can view media file	26	view_mediafile
105	Can add skill or development area	27	add_skillordevelopmentarea
106	Can change skill or development area	27	change_skillordevelopmentarea
107	Can delete skill or development area	27	delete_skillordevelopmentarea
108	Can view skill or development area	27	view_skillordevelopmentarea
109	Can add soft skill performance	28	add_softskillperformance
110	Can change soft skill performance	28	change_softskillperformance
111	Can delete soft skill performance	28	delete_softskillperformance
112	Can view soft skill performance	28	view_softskillperformance
113	Can add syllabus performance	29	add_syllabusperformance
114	Can change syllabus performance	29	change_syllabusperformance
115	Can delete syllabus performance	29	delete_syllabusperformance
116	Can view syllabus performance	29	view_syllabusperformance
145	Can add substitute assignment	37	add_substituteassignment
146	Can change substitute assignment	37	change_substituteassignment
147	Can delete substitute assignment	37	delete_substituteassignment
148	Can view substitute assignment	37	view_substituteassignment
\.


--
-- Data for Name: auth_user; Type: TABLE DATA; Schema: public; Owner: postgres
--

COPY public.auth_user (id, password, last_login, is_superuser, username, first_name, last_name, email, is_staff, is_active, date_joined) FROM stdin;
1	pbkdf2_sha256$1000000$OSSpE4FrxbUat7qf91RnaR$cvXvlgmdW/U/VwlPnbJoKpXMRx0kc5JXLq0/KMnCFf0=	2025-05-25 10:22:20.036901+05:30	t	admin				t	t	2025-04-17 08:47:15.018+05:30
\.


--
-- Data for Name: auth_user_groups; Type: TABLE DATA; Schema: public; Owner: postgres
--

COPY public.auth_user_groups (id, user_id, group_id) FROM stdin;
\.


--
-- Data for Name: auth_user_user_permissions; Type: TABLE DATA; Schema: public; Owner: postgres
--

COPY public.auth_user_user_permissions (id, user_id, permission_id) FROM stdin;
\.


--
-- Data for Name: django_admin_log; Type: TABLE DATA; Schema: public; Owner: postgres
--

COPY public.django_admin_log (id, action_time, object_id, object_repr, action_flag, change_message, content_type_id, user_id) FROM stdin;
1	2025-04-17 08:52:29.129+05:30	6	10th - Yearly Exam - GK - Sci.Temp	3		22	1
2	2025-04-17 08:52:29.129+05:30	5	10th - Yearly Exam - GK - Observation	3		22	1
3	2025-04-22 17:58:26.287+05:30	4	Monday - Period 1 (None - None) (Free)	3		20	1
4	2025-04-22 17:58:26.287+05:30	3	Monday - Period 1 (None - None) - Teacher  (Maths)	3		20	1
5	2025-04-22 17:58:26.287+05:30	2	Monday - Period 1 (None - None) - tEACHE (GK)	3		20	1
6	2025-04-23 05:44:37.562+05:30	26	Monday - Period 4 (None - None) (Free)	3		20	1
7	2025-04-23 05:44:37.562+05:30	25	Monday - Period 3 (None - None) (Free)	3		20	1
8	2025-04-23 05:44:37.562+05:30	24	Monday - Period 2 (None - None) (Free)	3		20	1
9	2025-04-23 05:44:37.562+05:30	23	Monday - Period 1 (None - None) (Free)	3		20	1
10	2025-04-23 11:34:13.203+05:30	51	Monday - Period 8 (None - None) (Free)	3		20	1
11	2025-04-23 11:34:13.203+05:30	50	Monday - Period 1 (None - None) (Free)	3		20	1
12	2025-04-23 11:34:13.203+05:30	49	Monday - Period 8 (None - None) (Free)	3		20	1
13	2025-04-23 11:34:13.203+05:30	48	Monday - Period 1 (None - None) (Free)	3		20	1
14	2025-04-24 16:57:48.212+05:30	25	test	3		26	1
15	2025-04-24 16:57:48.212+05:30	24	test	3		26	1
16	2025-04-24 16:57:48.212+05:30	23	sfsd	3		26	1
17	2025-04-24 16:57:48.212+05:30	13	test	3		26	1
18	2025-04-24 18:22:34.306+05:30	27	MediaFile object (27)	3		26	1
19	2025-05-25 10:22:37.775704+05:30	12	teacher 7 - T00012	3		18	1
20	2025-05-30 23:45:10.501054+05:30	20	Vaishali Sonunedwd - Hindi: 29.0/None	3		16	1
21	2025-05-30 23:45:10.501054+05:30	19	Vaishali Sonunedwd - ENG: 20.0/None	3		16	1
22	2025-05-30 23:45:10.501054+05:30	18	Vaishali Sonune 3 - IT: 19.0/None	3		16	1
23	2025-05-30 23:45:10.501054+05:30	17	Vaishali Sonune 3 - EVS/SCI: 19.0/None	3		16	1
24	2025-05-30 23:45:10.501054+05:30	16	Vaishali Sonune 3 - GK: 19.0/None	3		16	1
25	2025-05-30 23:45:10.501054+05:30	15	Vaishali Sonune 3 - Marathi: 19.0/None	3		16	1
26	2025-05-30 23:45:10.501054+05:30	14	Vaishali Sonune 3 - Hindi: 19.0/None	3		16	1
27	2025-05-30 23:45:10.501054+05:30	13	Vaishali Sonune 3 - ENG: 20.0/None	3		16	1
28	2025-05-30 23:45:10.501054+05:30	12	Vaishali Sonunedwd - IT: 20.0/None	3		16	1
29	2025-05-30 23:45:10.501054+05:30	11	Vaishali Sonunedwd - EVS/SCI: 20.0/None	3		16	1
30	2025-05-30 23:45:10.501054+05:30	10	Vaishali Sonunedwd - GK: 19.0/None	3		16	1
31	2025-05-30 23:45:10.501054+05:30	9	Vaishali Sonunedwd - Marathi: 28.0/None	3		16	1
32	2025-05-30 23:45:10.501054+05:30	8	Vaishali Sonunedwd - Hindi: 20.0/None	3		16	1
33	2025-05-30 23:45:10.501054+05:30	7	Vaishali Sonunedwd - ENG: 20.0/None	3		16	1
34	2025-05-30 23:45:10.501054+05:30	6	Vaishali Sonunedwd - IT: 20.0/None	3		16	1
35	2025-05-30 23:45:10.501054+05:30	5	Vaishali Sonunedwd - EVS/SCI: 20.0/None	3		16	1
36	2025-05-30 23:45:10.501054+05:30	4	Vaishali Sonunedwd - GK: 19.0/None	3		16	1
37	2025-05-30 23:45:10.501054+05:30	3	Vaishali Sonunedwd - Marathi: 28.0/None	3		16	1
38	2025-05-30 23:45:10.501054+05:30	2	Vaishali Sonunedwd - Hindi: 20.0/None	3		16	1
39	2025-05-30 23:45:10.501054+05:30	1	Vaishali Sonunedwd - ENG: 20.0/None	3		16	1
\.


--
-- Data for Name: django_content_type; Type: TABLE DATA; Schema: public; Owner: postgres
--

COPY public.django_content_type (id, app_label, model) FROM stdin;
30	school_app	academicyear
31	school_app	holiday
1	admin	logentry
2	auth	permission
3	auth	group
4	auth	user
5	contenttypes	contenttype
6	sessions	session
7	school_app	breakperiod
8	school_app	class
9	school_app	exam
10	school_app	parent
11	school_app	periodtiming
12	school_app	subject
13	school_app	yearlyevent
14	school_app	examdate
15	school_app	student
16	school_app	marks
17	school_app	subsubject
18	school_app	teacher
19	school_app	teacher_subject_class_relation
20	school_app	timetable
21	school_app	examschedule
22	school_app	internalassessment
23	school_app	classsubsubjectassignment
24	school_app	studentattendance
25	school_app	studentsubjectremark
26	school_app	mediafile
27	school_app	skillordevelopmentarea
28	school_app	softskillperformance
29	school_app	syllabusperformance
32	school_app	transferredstudent
33	school_app	aitimetablesettings
34	school_app	aitimetableentry
35	school_app	schoolday
36	school_app	teacherattendance
37	school_app	substituteassignment
38	school_app	dailytimetableentry
39	school_app	absentteacher
40	school_app	schoolprofile
\.


--
-- Data for Name: django_migrations; Type: TABLE DATA; Schema: public; Owner: postgres
--

COPY public.django_migrations (id, app, name, applied) FROM stdin;
1	contenttypes	0001_initial	2025-05-02 16:52:08.512077+05:30
2	auth	0001_initial	2025-05-02 16:52:08.605806+05:30
3	admin	0001_initial	2025-05-02 16:52:08.631503+05:30
4	admin	0002_logentry_remove_auto_add	2025-05-02 16:52:08.631503+05:30
5	admin	0003_logentry_add_action_flag_choices	2025-05-02 16:52:08.631503+05:30
6	contenttypes	0002_remove_content_type_name	2025-05-02 16:52:08.662751+05:30
7	auth	0002_alter_permission_name_max_length	2025-05-02 16:52:08.662751+05:30
8	auth	0003_alter_user_email_max_length	2025-05-02 16:52:08.678371+05:30
9	auth	0004_alter_user_username_opts	2025-05-02 16:52:08.678371+05:30
10	auth	0005_alter_user_last_login_null	2025-05-02 16:52:08.693994+05:30
11	auth	0006_require_contenttypes_0002	2025-05-02 16:52:08.693994+05:30
12	auth	0007_alter_validators_add_error_messages	2025-05-02 16:52:08.693994+05:30
13	auth	0008_alter_user_username_max_length	2025-05-02 16:52:08.709615+05:30
14	auth	0009_alter_user_last_name_max_length	2025-05-02 16:52:08.709615+05:30
15	auth	0010_alter_group_name_max_length	2025-05-02 16:52:08.725236+05:30
16	auth	0011_update_proxy_permissions	2025-05-02 16:52:08.725236+05:30
17	auth	0012_alter_user_first_name_max_length	2025-05-02 16:52:08.740857+05:30
19	school_app	0002_internalassessment_student	2025-05-02 16:52:09.116339+05:30
20	school_app	0003_alter_internalassessment_unique_together_and_more	2025-05-02 16:52:09.163204+05:30
21	school_app	0004_alter_internalassessment_student	2025-05-02 16:52:09.194445+05:30
22	school_app	0005_alter_internalassessment_options_and_more	2025-05-02 16:52:09.225689+05:30
23	school_app	0006_alter_internalassessment_max_marks	2025-05-02 16:52:09.241313+05:30
24	school_app	0007_studentattendance	2025-05-02 16:52:09.272552+05:30
25	school_app	0008_alter_studentattendance_options_and_more	2025-05-02 16:52:09.319416+05:30
26	school_app	0009_teacher_class_teacher_of	2025-05-02 16:52:09.35066+05:30
27	school_app	0010_timetable_subject_timetable_teacher	2025-05-02 16:52:09.381903+05:30
28	school_app	0011_alter_timetable_period	2025-05-02 16:52:09.413179+05:30
29	school_app	0012_mediafile	2025-05-02 16:52:09.428798+05:30
30	school_app	0013_remove_internalassessment_max_marks_and_more	2025-05-02 16:52:09.491251+05:30
31	school_app	0014_skillordevelopmentarea	2025-05-02 16:52:09.522493+05:30
32	school_app	0015_softskillperformance_syllabusperformance	2025-05-02 16:52:09.538115+05:30
33	school_app	0016_skillordevelopmentarea_date	2025-05-02 16:52:09.585021+05:30
34	school_app	0017_rename_date_skillordevelopmentarea_assessment_date_and_more	2025-05-02 16:52:09.616256+05:30
35	school_app	0018_academicyear_holiday	2025-05-02 16:52:09.64193+05:30
36	school_app	0019_class_academic_year	2025-05-02 16:52:09.673181+05:30
37	sessions	0001_initial	2025-05-02 16:52:09.688798+05:30
38	school_app	0001_initial	2025-05-13 10:20:44.861397+05:30
39	school_app	0002_alter_holiday_options	2025-05-13 17:29:39.39587+05:30
40	school_app	0003_alter_student_academic_year	2025-05-22 22:44:59.173543+05:30
41	school_app	0004_transferredstudent	2025-05-22 22:44:59.315035+05:30
42	school_app	0005_rename_transferred_at_transferredstudent_transferred_on_and_more	2025-05-22 23:06:09.983872+05:30
43	school_app	0006_alter_transferredstudent_parent_email	2025-05-22 23:08:02.919102+05:30
44	school_app	0007_transferredstudent_student_class	2025-05-22 23:27:19.820313+05:30
45	school_app	0008_aitimetablesettings_schoolday_aitimetableentry	2025-05-25 09:48:54.689763+05:30
46	school_app	0009_alter_aitimetableentry_teacher	2025-05-25 12:47:44.449079+05:30
47	school_app	0010_alter_class_options_alter_class_academic_year_and_more	2025-05-25 19:42:47.151259+05:30
48	school_app	0011_teacherattendance	2025-05-26 13:12:32.532559+05:30
49	school_app	0012_substituteassignment	2025-05-26 14:18:25.747435+05:30
50	school_app	0013_absentteacher_dailytimetableentry	2025-05-26 14:41:59.847575+05:30
51	school_app	0014_alter_substituteassignment_substitute_teacher_and_more	2025-05-28 20:26:42.632184+05:30
52	school_app	0015_schoolprofile	2025-05-29 14:15:45.722222+05:30
53	school_app	0016_alter_marks_unique_together_delete_examdate	2025-05-30 23:48:18.637798+05:30
\.


--
-- Data for Name: django_session; Type: TABLE DATA; Schema: public; Owner: postgres
--

COPY public.django_session (session_key, session_data, expire_date) FROM stdin;
j92q1ikk5bccx74gg4hg2njqojk061k0	.eJxVjEEOwiAQRe_C2hCYQgGX7j0DmemAVA0kpV0Z765NutDtf-_9l4i4rSVuPS1xZnEWWpx-N8LpkeoO-I711uTU6rrMJHdFHrTLa-P0vBzu30HBXr51IBwMaBdGM2gbEBA8uGDJWsWcPLHW1jFRBvaeE5ussg3OM_CIWon3B8eXN6k:1uLahY:Yl740k4N3Bkzq_yrZsDC6WSfr5LrzU5-3i0tOrVjAcA	2025-06-15 10:23:40.497967+05:30
px8f0pocfasxdsn1dfh18kn6vs16jk81	.eJxVjEEOwiAQRe_C2hDAwoBL956BDAwjVUOT0q6Md7dNutDtf-_9t4i4LjWuvcxxJHERWpx-t4T5WdoO6IHtPsk8tWUek9wVedAubxOV1_Vw_w4q9rrVyBi0BSBvguVyHtgM7MgiWE_BgQGnvA2KGRRswBmtWXvnIYHKyOLzBdDuN0A:1uBSbT:4E2JljJbIXHKTlS1T0q7nRNrEM18S-neH30gnTwgtW4	2025-05-18 11:43:31.531925+05:30
\.


--
-- Data for Name: school_app_academicyear; Type: TABLE DATA; Schema: public; Owner: postgres
--

COPY public.school_app_academicyear (id, name, start_date, end_date) FROM stdin;
2	2024-25	2024-06-01	2025-04-01
1	2025-26	2025-05-01	2026-04-01
\.


--
-- Data for Name: school_app_aitimetableentry; Type: TABLE DATA; Schema: public; Owner: postgres
--

COPY public.school_app_aitimetableentry (id, period_number, start_time, end_time, class_assigned_id, subject_id, teacher_id, school_day_id) FROM stdin;
11589	1	09:00:00	09:45:00	10	1	2	1
11590	2	09:50:00	10:35:00	10	7	16	1
11591	3	10:40:00	11:25:00	10	5	9	1
11592	4	11:30:00	12:15:00	10	8	\N	1
11593	5	12:35:00	13:20:00	10	1	2	1
11594	6	13:25:00	14:10:00	10	3	6	1
11595	7	14:15:00	15:00:00	10	6	11	1
11596	8	15:05:00	15:50:00	10	8	\N	1
11597	9	16:10:00	16:55:00	10	2	4	1
11598	10	17:00:00	17:45:00	10	6	11	1
11599	11	17:50:00	18:35:00	10	1	2	1
11600	1	09:00:00	09:45:00	10	1	2	2
11601	2	09:50:00	10:35:00	10	7	16	2
11602	3	10:40:00	11:25:00	10	6	11	2
11603	4	11:30:00	12:15:00	10	8	\N	2
11604	5	12:35:00	13:20:00	10	3	6	2
11605	6	13:25:00	14:10:00	10	2	4	2
11606	7	14:15:00	15:00:00	10	5	9	2
11607	8	15:05:00	15:50:00	10	8	\N	2
11608	9	16:10:00	16:55:00	10	1	2	2
11609	10	17:00:00	17:45:00	10	7	16	2
11610	11	17:50:00	18:35:00	10	7	16	2
11611	1	09:00:00	09:45:00	10	1	2	3
11612	2	09:50:00	10:35:00	10	2	4	3
11613	3	10:40:00	11:25:00	10	7	16	3
11614	4	11:30:00	12:15:00	10	8	\N	3
11615	5	12:35:00	13:20:00	10	6	11	3
11616	6	13:25:00	14:10:00	10	5	9	3
11617	7	14:15:00	15:00:00	10	1	2	3
11618	8	15:05:00	15:50:00	10	8	\N	3
11619	9	16:10:00	16:55:00	10	3	6	3
11620	10	17:00:00	17:45:00	10	7	16	3
11621	11	17:50:00	18:35:00	10	2	4	3
11622	1	09:00:00	09:45:00	10	1	2	4
11623	2	09:50:00	10:35:00	10	7	16	4
11624	3	10:40:00	11:25:00	10	6	11	4
11625	4	11:30:00	12:15:00	10	8	\N	4
11626	5	12:35:00	13:20:00	10	2	4	4
11627	6	13:25:00	14:10:00	10	3	6	4
11628	7	14:15:00	15:00:00	10	5	9	4
11629	8	15:05:00	15:50:00	10	8	\N	4
11630	9	16:10:00	16:55:00	10	1	2	4
11631	10	17:00:00	17:45:00	10	5	9	4
11632	11	17:50:00	18:35:00	10	1	2	4
11633	1	09:00:00	09:45:00	10	1	2	5
11634	2	09:50:00	10:35:00	10	5	9	5
11635	3	10:40:00	11:25:00	10	7	16	5
11636	4	11:30:00	12:15:00	10	8	\N	5
11637	5	12:35:00	13:20:00	10	6	11	5
11638	6	13:25:00	14:10:00	10	1	2	5
11639	7	14:15:00	15:00:00	10	2	4	5
11640	8	15:05:00	15:50:00	10	8	\N	5
11641	9	16:10:00	16:55:00	10	3	6	5
11642	10	17:00:00	17:45:00	10	6	11	5
11643	11	17:50:00	18:35:00	10	3	6	5
11644	1	09:00:00	09:45:00	10	1	2	6
11645	2	09:50:00	10:35:00	10	3	6	6
11646	3	10:40:00	11:25:00	10	1	2	6
11647	4	11:30:00	12:15:00	10	8	\N	6
11648	5	12:35:00	13:20:00	10	5	9	6
11649	6	13:25:00	14:10:00	10	7	16	6
11650	7	14:15:00	15:00:00	10	6	11	6
11651	8	15:05:00	15:50:00	10	8	\N	6
11652	9	16:10:00	16:55:00	10	2	4	6
11653	10	17:00:00	17:45:00	10	6	11	6
11654	11	17:50:00	18:35:00	10	1	2	6
11655	1	09:00:00	09:45:00	1	1	1	1
11656	2	09:50:00	10:35:00	1	2	3	1
11657	3	10:40:00	11:25:00	1	3	5	1
11658	4	11:30:00	12:15:00	1	8	\N	1
11659	5	12:35:00	13:20:00	1	5	8	1
11660	6	13:25:00	14:10:00	1	1	1	1
11661	7	14:15:00	15:00:00	1	4	7	1
11662	8	15:05:00	15:50:00	1	8	\N	1
11663	9	16:10:00	16:55:00	1	6	10	1
11664	10	17:00:00	17:45:00	1	5	8	1
11665	11	17:50:00	18:35:00	1	2	3	1
11666	1	09:00:00	09:45:00	1	1	1	2
11667	2	09:50:00	10:35:00	1	1	1	2
11668	3	10:40:00	11:25:00	1	3	5	2
11669	4	11:30:00	12:15:00	1	8	\N	2
11670	5	12:35:00	13:20:00	1	6	10	2
11671	6	13:25:00	14:10:00	1	2	3	2
11672	7	14:15:00	15:00:00	1	4	7	2
11673	8	15:05:00	15:50:00	1	8	\N	2
11674	9	16:10:00	16:55:00	1	5	8	2
11675	10	17:00:00	17:45:00	1	5	8	2
11676	11	17:50:00	18:35:00	1	2	3	2
11677	1	09:00:00	09:45:00	1	1	1	3
11678	2	09:50:00	10:35:00	1	4	7	3
11679	3	10:40:00	11:25:00	1	2	3	3
11680	4	11:30:00	12:15:00	1	8	\N	3
11681	5	12:35:00	13:20:00	1	1	1	3
11682	6	13:25:00	14:10:00	1	3	5	3
11683	7	14:15:00	15:00:00	1	5	8	3
11684	8	15:05:00	15:50:00	1	8	\N	3
11685	9	16:10:00	16:55:00	1	6	10	3
11686	10	17:00:00	17:45:00	1	2	3	3
11687	11	17:50:00	18:35:00	1	6	10	3
11688	1	09:00:00	09:45:00	1	1	1	4
11689	2	09:50:00	10:35:00	1	4	7	4
11690	3	10:40:00	11:25:00	1	2	3	4
11691	4	11:30:00	12:15:00	1	8	\N	4
11692	5	12:35:00	13:20:00	1	5	8	4
11693	6	13:25:00	14:10:00	1	6	10	4
11694	7	14:15:00	15:00:00	1	3	5	4
11695	8	15:05:00	15:50:00	1	8	\N	4
11696	9	16:10:00	16:55:00	1	1	1	4
11697	10	17:00:00	17:45:00	1	4	7	4
11698	11	17:50:00	18:35:00	1	1	1	4
11699	1	09:00:00	09:45:00	1	1	1	5
11700	2	09:50:00	10:35:00	1	5	8	5
11701	3	10:40:00	11:25:00	1	4	7	5
11702	4	11:30:00	12:15:00	1	8	\N	5
11703	5	12:35:00	13:20:00	1	3	5	5
11704	6	13:25:00	14:10:00	1	6	10	5
11705	7	14:15:00	15:00:00	1	2	3	5
11706	8	15:05:00	15:50:00	1	8	\N	5
11707	9	16:10:00	16:55:00	1	1	1	5
11708	10	17:00:00	17:45:00	1	1	1	5
11709	11	17:50:00	18:35:00	1	6	10	5
11710	1	09:00:00	09:45:00	1	1	1	6
11711	2	09:50:00	10:35:00	1	5	8	6
11712	3	10:40:00	11:25:00	1	2	3	6
11713	4	11:30:00	12:15:00	1	8	\N	6
11714	5	12:35:00	13:20:00	1	3	5	6
11715	6	13:25:00	14:10:00	1	1	1	6
11716	7	14:15:00	15:00:00	1	4	7	6
11717	8	15:05:00	15:50:00	1	8	\N	6
11718	9	16:10:00	16:55:00	1	6	10	6
11719	10	17:00:00	17:45:00	1	5	8	6
11720	11	17:50:00	18:35:00	1	2	3	6
11721	1	09:00:00	09:45:00	2	2	3	1
11722	2	09:50:00	10:35:00	2	4	7	1
11723	3	10:40:00	11:25:00	2	2	3	1
11724	4	11:30:00	12:15:00	2	8	\N	1
11725	5	12:35:00	13:20:00	2	3	5	1
11726	6	13:25:00	14:10:00	2	5	8	1
11727	7	14:15:00	15:00:00	2	6	10	1
11728	8	15:05:00	15:50:00	2	8	\N	1
11729	9	16:10:00	16:55:00	2	4	7	1
11730	10	17:00:00	17:45:00	2	1	1	1
11731	11	17:50:00	18:35:00	2	4	7	1
11732	1	09:00:00	09:45:00	2	2	3	2
11733	2	09:50:00	10:35:00	2	5	8	2
11734	3	10:40:00	11:25:00	2	2	3	2
11735	4	11:30:00	12:15:00	2	8	\N	2
11736	5	12:35:00	13:20:00	2	1	1	2
11737	6	13:25:00	14:10:00	2	6	10	2
11738	7	14:15:00	15:00:00	2	4	7	2
11739	8	15:05:00	15:50:00	2	8	\N	2
11740	9	16:10:00	16:55:00	2	3	5	2
11741	10	17:00:00	17:45:00	2	3	5	2
11742	11	17:50:00	18:35:00	2	1	1	2
11743	1	09:00:00	09:45:00	2	2	3	3
11744	2	09:50:00	10:35:00	2	6	10	3
11745	3	10:40:00	11:25:00	2	1	1	3
11746	4	11:30:00	12:15:00	2	8	\N	3
11747	5	12:35:00	13:20:00	2	3	5	3
11748	6	13:25:00	14:10:00	2	4	7	3
11749	7	14:15:00	15:00:00	2	2	3	3
11750	8	15:05:00	15:50:00	2	8	\N	3
11751	9	16:10:00	16:55:00	2	5	8	3
11752	10	17:00:00	17:45:00	2	4	7	3
11753	11	17:50:00	18:35:00	2	1	1	3
11754	1	09:00:00	09:45:00	2	2	3	4
11755	2	09:50:00	10:35:00	2	6	10	4
11756	3	10:40:00	11:25:00	2	5	8	4
11757	4	11:30:00	12:15:00	2	8	\N	4
11758	5	12:35:00	13:20:00	2	4	7	4
11759	6	13:25:00	14:10:00	2	2	3	4
11760	7	14:15:00	15:00:00	2	1	1	4
11761	8	15:05:00	15:50:00	2	8	\N	4
11762	9	16:10:00	16:55:00	2	4	7	4
11763	10	17:00:00	17:45:00	2	3	5	4
11764	11	17:50:00	18:35:00	2	3	5	4
11765	1	09:00:00	09:45:00	2	2	3	5
11766	2	09:50:00	10:35:00	2	6	10	5
11767	3	10:40:00	11:25:00	2	3	5	5
11768	4	11:30:00	12:15:00	2	8	\N	5
11769	5	12:35:00	13:20:00	2	1	1	5
11770	6	13:25:00	14:10:00	2	2	3	5
11771	7	14:15:00	15:00:00	2	4	7	5
11772	8	15:05:00	15:50:00	2	8	\N	5
11773	9	16:10:00	16:55:00	2	3	5	5
11774	10	17:00:00	17:45:00	2	5	8	5
11775	11	17:50:00	18:35:00	2	4	7	5
11776	1	09:00:00	09:45:00	2	2	3	6
11777	2	09:50:00	10:35:00	2	6	10	6
11778	3	10:40:00	11:25:00	2	4	7	6
11779	4	11:30:00	12:15:00	2	8	\N	6
11780	5	12:35:00	13:20:00	2	3	5	6
11781	6	13:25:00	14:10:00	2	5	8	6
11782	7	14:15:00	15:00:00	2	1	1	6
11783	8	15:05:00	15:50:00	2	8	\N	6
11784	9	16:10:00	16:55:00	2	4	7	6
11785	10	17:00:00	17:45:00	2	2	3	6
11786	11	17:50:00	18:35:00	2	5	8	6
11787	1	09:00:00	09:45:00	3	3	5	1
11788	2	09:50:00	10:35:00	3	3	5	1
11789	3	10:40:00	11:25:00	3	1	1	1
11790	4	11:30:00	12:15:00	3	8	\N	1
11791	5	12:35:00	13:20:00	3	5	8	1
11792	6	13:25:00	14:10:00	3	2	3	1
11793	7	14:15:00	15:00:00	3	6	10	1
11794	8	15:05:00	15:50:00	3	8	\N	1
11795	9	16:10:00	16:55:00	3	4	7	1
11796	10	17:00:00	17:45:00	3	6	10	1
11797	11	17:50:00	18:35:00	3	4	7	1
11798	1	09:00:00	09:45:00	3	3	5	2
11799	2	09:50:00	10:35:00	3	4	7	2
11800	3	10:40:00	11:25:00	3	1	1	2
11801	4	11:30:00	12:15:00	3	8	\N	2
11802	5	12:35:00	13:20:00	3	5	8	2
11803	6	13:25:00	14:10:00	3	2	3	2
11804	7	14:15:00	15:00:00	3	6	10	2
11805	8	15:05:00	15:50:00	3	8	\N	2
11806	9	16:10:00	16:55:00	3	4	7	2
11807	10	17:00:00	17:45:00	3	6	10	2
11808	11	17:50:00	18:35:00	3	3	5	2
11809	1	09:00:00	09:45:00	3	3	5	3
11810	2	09:50:00	10:35:00	3	3	5	3
11811	3	10:40:00	11:25:00	3	6	10	3
11812	4	11:30:00	12:15:00	3	8	\N	3
11813	5	12:35:00	13:20:00	3	2	3	3
11814	6	13:25:00	14:10:00	3	5	8	3
11815	7	14:15:00	15:00:00	3	1	1	3
11816	8	15:05:00	15:50:00	3	8	\N	3
11817	9	16:10:00	16:55:00	3	5	8	3
11818	10	17:00:00	17:45:00	3	4	7	3
11819	11	17:50:00	18:35:00	3	6	10	3
11820	1	09:00:00	09:45:00	3	3	5	4
11821	2	09:50:00	10:35:00	3	4	7	4
11822	3	10:40:00	11:25:00	3	2	3	4
11823	4	11:30:00	12:15:00	3	8	\N	4
11824	5	12:35:00	13:20:00	3	1	1	4
11825	6	13:25:00	14:10:00	3	6	10	4
11826	7	14:15:00	15:00:00	3	5	8	4
11827	8	15:05:00	15:50:00	3	8	\N	4
11828	9	16:10:00	16:55:00	3	6	10	4
11829	10	17:00:00	17:45:00	3	5	8	4
11830	11	17:50:00	18:35:00	3	3	5	4
11831	1	09:00:00	09:45:00	3	3	5	5
11832	2	09:50:00	10:35:00	3	3	5	5
11833	3	10:40:00	11:25:00	3	6	10	5
11834	4	11:30:00	12:15:00	3	8	\N	5
11835	5	12:35:00	13:20:00	3	2	3	5
11836	6	13:25:00	14:10:00	3	5	8	5
11837	7	14:15:00	15:00:00	3	1	1	5
11838	8	15:05:00	15:50:00	3	8	\N	5
11839	9	16:10:00	16:55:00	3	5	8	5
11840	10	17:00:00	17:45:00	3	4	7	5
11841	11	17:50:00	18:35:00	3	6	10	5
11842	1	09:00:00	09:45:00	3	3	5	6
11843	2	09:50:00	10:35:00	3	4	7	6
11844	3	10:40:00	11:25:00	3	2	3	6
11845	4	11:30:00	12:15:00	3	8	\N	6
11846	5	12:35:00	13:20:00	3	1	1	6
11847	6	13:25:00	14:10:00	3	6	10	6
11848	7	14:15:00	15:00:00	3	5	8	6
11849	8	15:05:00	15:50:00	3	8	\N	6
11850	9	16:10:00	16:55:00	3	6	10	6
11851	10	17:00:00	17:45:00	3	5	8	6
11852	11	17:50:00	18:35:00	3	3	5	6
11853	1	09:00:00	09:45:00	4	5	8	1
11854	2	09:50:00	10:35:00	4	1	1	1
11855	3	10:40:00	11:25:00	4	3	5	1
11856	4	11:30:00	12:15:00	4	8	\N	1
11857	5	12:35:00	13:20:00	4	5	8	1
11858	6	13:25:00	14:10:00	4	2	3	1
11859	7	14:15:00	15:00:00	4	6	10	1
11860	8	15:05:00	15:50:00	4	8	\N	1
11861	9	16:10:00	16:55:00	4	4	7	1
11862	10	17:00:00	17:45:00	4	4	7	1
11863	11	17:50:00	18:35:00	4	6	10	1
11864	1	09:00:00	09:45:00	4	5	8	2
11865	2	09:50:00	10:35:00	4	3	5	2
11866	3	10:40:00	11:25:00	4	6	10	2
11867	4	11:30:00	12:15:00	4	8	\N	2
11868	5	12:35:00	13:20:00	4	4	7	2
11869	6	13:25:00	14:10:00	4	1	1	2
11870	7	14:15:00	15:00:00	4	2	3	2
11871	8	15:05:00	15:50:00	4	8	\N	2
11872	9	16:10:00	16:55:00	4	5	8	2
11873	10	17:00:00	17:45:00	4	4	7	2
11874	11	17:50:00	18:35:00	4	4	7	2
11875	1	09:00:00	09:45:00	4	5	8	3
11876	2	09:50:00	10:35:00	4	3	5	3
11877	3	10:40:00	11:25:00	4	4	7	3
11878	4	11:30:00	12:15:00	4	8	\N	3
11879	5	12:35:00	13:20:00	4	2	3	3
11880	6	13:25:00	14:10:00	4	1	1	3
11881	7	14:15:00	15:00:00	4	5	8	3
11882	8	15:05:00	15:50:00	4	8	\N	3
11883	9	16:10:00	16:55:00	4	2	3	3
11884	10	17:00:00	17:45:00	4	6	10	3
11885	11	17:50:00	18:35:00	4	4	7	3
11886	1	09:00:00	09:45:00	4	5	8	4
11887	2	09:50:00	10:35:00	4	2	3	4
11888	3	10:40:00	11:25:00	4	5	8	4
11889	4	11:30:00	12:15:00	4	8	\N	4
11890	5	12:35:00	13:20:00	4	4	7	4
11891	6	13:25:00	14:10:00	4	6	10	4
11892	7	14:15:00	15:00:00	4	3	5	4
11893	8	15:05:00	15:50:00	4	8	\N	4
11894	9	16:10:00	16:55:00	4	1	1	4
11895	10	17:00:00	17:45:00	4	4	7	4
11896	11	17:50:00	18:35:00	4	2	3	4
11897	1	09:00:00	09:45:00	4	5	8	5
11898	2	09:50:00	10:35:00	4	6	10	5
11899	3	10:40:00	11:25:00	4	5	8	5
11900	4	11:30:00	12:15:00	4	8	\N	5
11901	5	12:35:00	13:20:00	4	3	5	5
11902	6	13:25:00	14:10:00	4	4	7	5
11903	7	14:15:00	15:00:00	4	2	3	5
11904	8	15:05:00	15:50:00	4	8	\N	5
11905	9	16:10:00	16:55:00	4	1	1	5
11906	10	17:00:00	17:45:00	4	2	3	5
11907	11	17:50:00	18:35:00	4	3	5	5
11908	1	09:00:00	09:45:00	4	5	8	6
11909	2	09:50:00	10:35:00	4	1	1	6
11910	3	10:40:00	11:25:00	4	4	7	6
11911	4	11:30:00	12:15:00	4	8	\N	6
11912	5	12:35:00	13:20:00	4	5	8	6
11913	6	13:25:00	14:10:00	4	6	10	6
11914	7	14:15:00	15:00:00	4	2	3	6
11915	8	15:05:00	15:50:00	4	8	\N	6
11916	9	16:10:00	16:55:00	4	6	10	6
11917	10	17:00:00	17:45:00	4	3	5	6
11918	11	17:50:00	18:35:00	4	1	1	6
11919	1	09:00:00	09:45:00	5	5	9	1
11920	2	09:50:00	10:35:00	5	2	3	1
11921	3	10:40:00	11:25:00	5	6	10	1
11922	4	11:30:00	12:15:00	5	8	\N	1
11923	5	12:35:00	13:20:00	5	3	5	1
11924	6	13:25:00	14:10:00	5	5	9	1
11925	7	14:15:00	15:00:00	5	1	1	1
11926	8	15:05:00	15:50:00	5	8	\N	1
11927	9	16:10:00	16:55:00	5	4	7	1
11928	10	17:00:00	17:45:00	5	1	1	1
11929	11	17:50:00	18:35:00	5	1	1	1
11930	1	09:00:00	09:45:00	5	5	9	2
11931	2	09:50:00	10:35:00	5	5	9	2
11932	3	10:40:00	11:25:00	5	3	5	2
11933	4	11:30:00	12:15:00	5	8	\N	2
11934	5	12:35:00	13:20:00	5	1	1	2
11935	6	13:25:00	14:10:00	5	2	3	2
11936	7	14:15:00	15:00:00	5	6	10	2
11937	8	15:05:00	15:50:00	5	8	\N	2
11938	9	16:10:00	16:55:00	5	4	7	2
11939	10	17:00:00	17:45:00	5	4	7	2
11940	11	17:50:00	18:35:00	5	4	7	2
11941	1	09:00:00	09:45:00	5	5	9	3
11942	2	09:50:00	10:35:00	5	1	1	3
11943	3	10:40:00	11:25:00	5	5	9	3
11944	4	11:30:00	12:15:00	5	8	\N	3
11945	5	12:35:00	13:20:00	5	4	7	3
11946	6	13:25:00	14:10:00	5	3	5	3
11947	7	14:15:00	15:00:00	5	2	3	3
11948	8	15:05:00	15:50:00	5	8	\N	3
11949	9	16:10:00	16:55:00	5	6	10	3
11950	10	17:00:00	17:45:00	5	3	5	3
11951	11	17:50:00	18:35:00	5	5	9	3
11952	1	09:00:00	09:45:00	5	5	9	4
11953	2	09:50:00	10:35:00	5	5	9	4
11954	3	10:40:00	11:25:00	5	3	5	4
11955	4	11:30:00	12:15:00	5	8	\N	4
11956	5	12:35:00	13:20:00	5	4	7	4
11957	6	13:25:00	14:10:00	5	1	1	4
11958	7	14:15:00	15:00:00	5	2	3	4
11959	8	15:05:00	15:50:00	5	8	\N	4
11960	9	16:10:00	16:55:00	5	6	10	4
11961	10	17:00:00	17:45:00	5	5	9	4
11962	11	17:50:00	18:35:00	5	4	7	4
11963	1	09:00:00	09:45:00	5	5	9	5
11964	2	09:50:00	10:35:00	5	3	5	5
11965	3	10:40:00	11:25:00	5	2	3	5
11966	4	11:30:00	12:15:00	5	8	\N	5
11967	5	12:35:00	13:20:00	5	5	9	5
11968	6	13:25:00	14:10:00	5	6	10	5
11969	7	14:15:00	15:00:00	5	4	7	5
11970	8	15:05:00	15:50:00	5	8	\N	5
11971	9	16:10:00	16:55:00	5	1	1	5
11972	10	17:00:00	17:45:00	5	1	1	5
11973	11	17:50:00	18:35:00	5	3	5	5
11974	1	09:00:00	09:45:00	5	5	9	6
11975	2	09:50:00	10:35:00	5	5	9	6
11976	3	10:40:00	11:25:00	5	2	3	6
11977	4	11:30:00	12:15:00	5	8	\N	6
11978	5	12:35:00	13:20:00	5	3	5	6
11979	6	13:25:00	14:10:00	5	6	10	6
11980	7	14:15:00	15:00:00	5	1	1	6
11981	8	15:05:00	15:50:00	5	8	\N	6
11982	9	16:10:00	16:55:00	5	4	7	6
11983	10	17:00:00	17:45:00	5	1	1	6
11984	11	17:50:00	18:35:00	5	1	1	6
11985	1	09:00:00	09:45:00	6	3	6	1
11986	2	09:50:00	10:35:00	6	5	9	1
11987	3	10:40:00	11:25:00	6	2	4	1
11988	4	11:30:00	12:15:00	6	8	\N	1
11989	5	12:35:00	13:20:00	6	3	6	1
11990	6	13:25:00	14:10:00	6	1	2	1
11991	7	14:15:00	15:00:00	6	7	16	1
11992	8	15:05:00	15:50:00	6	8	\N	1
11993	9	16:10:00	16:55:00	6	1	2	1
11994	10	17:00:00	17:45:00	6	6	11	1
11995	11	17:50:00	18:35:00	6	3	6	1
11996	1	09:00:00	09:45:00	6	3	6	2
11997	2	09:50:00	10:35:00	6	6	11	2
11998	3	10:40:00	11:25:00	6	2	4	2
11999	4	11:30:00	12:15:00	6	8	\N	2
12000	5	12:35:00	13:20:00	6	3	6	2
12001	6	13:25:00	14:10:00	6	1	2	2
12002	7	14:15:00	15:00:00	6	5	9	2
12003	8	15:05:00	15:50:00	6	8	\N	2
12004	9	16:10:00	16:55:00	6	7	16	2
12005	10	17:00:00	17:45:00	6	6	11	2
12006	11	17:50:00	18:35:00	6	3	6	2
12007	1	09:00:00	09:45:00	6	3	6	3
12008	2	09:50:00	10:35:00	6	1	2	3
12009	3	10:40:00	11:25:00	6	7	16	3
12010	4	11:30:00	12:15:00	6	8	\N	3
12011	5	12:35:00	13:20:00	6	6	11	3
12012	6	13:25:00	14:10:00	6	5	9	3
12013	7	14:15:00	15:00:00	6	2	4	3
12014	8	15:05:00	15:50:00	6	8	\N	3
12015	9	16:10:00	16:55:00	6	3	6	3
12016	10	17:00:00	17:45:00	6	3	6	3
12017	11	17:50:00	18:35:00	6	3	6	3
12018	1	09:00:00	09:45:00	6	3	6	4
12019	2	09:50:00	10:35:00	6	1	2	4
12020	3	10:40:00	11:25:00	6	6	11	4
12021	4	11:30:00	12:15:00	6	8	\N	4
12022	5	12:35:00	13:20:00	6	5	9	4
12023	6	13:25:00	14:10:00	6	2	4	4
12024	7	14:15:00	15:00:00	6	3	6	4
12025	8	15:05:00	15:50:00	6	8	\N	4
12026	9	16:10:00	16:55:00	6	7	16	4
12027	10	17:00:00	17:45:00	6	6	11	4
12028	11	17:50:00	18:35:00	6	3	6	4
12029	1	09:00:00	09:45:00	6	3	6	5
12030	2	09:50:00	10:35:00	6	1	2	5
12031	3	10:40:00	11:25:00	6	7	16	5
12032	4	11:30:00	12:15:00	6	8	\N	5
12033	5	12:35:00	13:20:00	6	6	11	5
12034	6	13:25:00	14:10:00	6	5	9	5
12035	7	14:15:00	15:00:00	6	2	4	5
12036	8	15:05:00	15:50:00	6	8	\N	5
12037	9	16:10:00	16:55:00	6	3	6	5
12038	10	17:00:00	17:45:00	6	3	6	5
12039	11	17:50:00	18:35:00	6	3	6	5
12040	1	09:00:00	09:45:00	6	3	6	6
12041	2	09:50:00	10:35:00	6	1	2	6
12042	3	10:40:00	11:25:00	6	6	11	6
12043	4	11:30:00	12:15:00	6	8	\N	6
12044	5	12:35:00	13:20:00	6	5	9	6
12045	6	13:25:00	14:10:00	6	2	4	6
12046	7	14:15:00	15:00:00	6	3	6	6
12047	8	15:05:00	15:50:00	6	8	\N	6
12048	9	16:10:00	16:55:00	6	7	16	6
12049	10	17:00:00	17:45:00	6	6	11	6
12050	11	17:50:00	18:35:00	6	3	6	6
12051	1	09:00:00	09:45:00	7	5	9	1
12052	2	09:50:00	10:35:00	7	7	16	1
12053	3	10:40:00	11:25:00	7	1	2	1
12054	4	11:30:00	12:15:00	7	8	\N	1
12055	5	12:35:00	13:20:00	7	3	6	1
12056	6	13:25:00	14:10:00	7	6	11	1
12057	7	14:15:00	15:00:00	7	5	9	1
12058	8	15:05:00	15:50:00	7	8	\N	1
12059	9	16:10:00	16:55:00	7	6	11	1
12060	10	17:00:00	17:45:00	7	2	4	1
12061	11	17:50:00	18:35:00	7	2	4	1
12062	1	09:00:00	09:45:00	7	5	9	2
12063	2	09:50:00	10:35:00	7	2	4	2
12064	3	10:40:00	11:25:00	7	5	9	2
12065	4	11:30:00	12:15:00	7	8	\N	2
12066	5	12:35:00	13:20:00	7	6	11	2
12067	6	13:25:00	14:10:00	7	1	2	2
12068	7	14:15:00	15:00:00	7	7	16	2
12069	8	15:05:00	15:50:00	7	8	\N	2
12070	9	16:10:00	16:55:00	7	3	6	2
12071	10	17:00:00	17:45:00	7	1	2	2
12072	11	17:50:00	18:35:00	7	2	4	2
12073	1	09:00:00	09:45:00	7	5	9	3
12074	2	09:50:00	10:35:00	7	3	6	3
12075	3	10:40:00	11:25:00	7	1	2	3
12076	4	11:30:00	12:15:00	7	8	\N	3
12077	5	12:35:00	13:20:00	7	5	9	3
12078	6	13:25:00	14:10:00	7	2	4	3
12079	7	14:15:00	15:00:00	7	6	11	3
12080	8	15:05:00	15:50:00	7	8	\N	3
12081	9	16:10:00	16:55:00	7	7	16	3
12082	10	17:00:00	17:45:00	7	1	2	3
12083	11	17:50:00	18:35:00	7	7	16	3
12084	1	09:00:00	09:45:00	7	5	9	4
12085	2	09:50:00	10:35:00	7	1	2	4
12086	3	10:40:00	11:25:00	7	6	11	4
12087	4	11:30:00	12:15:00	7	8	\N	4
12088	5	12:35:00	13:20:00	7	3	6	4
12089	6	13:25:00	14:10:00	7	2	4	4
12090	7	14:15:00	15:00:00	7	7	16	4
12091	8	15:05:00	15:50:00	7	8	\N	4
12092	9	16:10:00	16:55:00	7	5	9	4
12093	10	17:00:00	17:45:00	7	1	2	4
12094	11	17:50:00	18:35:00	7	6	11	4
12095	1	09:00:00	09:45:00	7	5	9	5
12096	2	09:50:00	10:35:00	7	1	2	5
12097	3	10:40:00	11:25:00	7	2	4	5
12098	4	11:30:00	12:15:00	7	8	\N	5
12099	5	12:35:00	13:20:00	7	7	16	5
12100	6	13:25:00	14:10:00	7	5	9	5
12101	7	14:15:00	15:00:00	7	3	6	5
12102	8	15:05:00	15:50:00	7	8	\N	5
12103	9	16:10:00	16:55:00	7	6	11	5
12104	10	17:00:00	17:45:00	7	5	9	5
12105	11	17:50:00	18:35:00	7	3	6	5
12106	1	09:00:00	09:45:00	7	5	9	6
12107	2	09:50:00	10:35:00	7	5	9	6
12108	3	10:40:00	11:25:00	7	7	16	6
12109	4	11:30:00	12:15:00	7	8	\N	6
12110	5	12:35:00	13:20:00	7	1	2	6
12111	6	13:25:00	14:10:00	7	3	6	6
12112	7	14:15:00	15:00:00	7	6	11	6
12113	8	15:05:00	15:50:00	7	8	\N	6
12114	9	16:10:00	16:55:00	7	1	2	6
12115	10	17:00:00	17:45:00	7	2	4	6
12116	11	17:50:00	18:35:00	7	2	4	6
12117	1	09:00:00	09:45:00	8	6	11	1
12118	2	09:50:00	10:35:00	8	6	11	1
12119	3	10:40:00	11:25:00	8	5	9	1
12120	4	11:30:00	12:15:00	8	8	\N	1
12121	5	12:35:00	13:20:00	8	2	4	1
12122	6	13:25:00	14:10:00	8	1	2	1
12123	7	14:15:00	15:00:00	8	5	9	1
12124	8	15:05:00	15:50:00	8	8	\N	1
12125	9	16:10:00	16:55:00	8	7	16	1
12126	10	17:00:00	17:45:00	8	5	9	1
12127	11	17:50:00	18:35:00	8	3	6	1
12128	1	09:00:00	09:45:00	8	6	11	2
12129	2	09:50:00	10:35:00	8	2	4	2
12130	3	10:40:00	11:25:00	8	3	6	2
12131	4	11:30:00	12:15:00	8	8	\N	2
12132	5	12:35:00	13:20:00	8	1	2	2
12133	6	13:25:00	14:10:00	8	6	11	2
12134	7	14:15:00	15:00:00	8	5	9	2
12135	8	15:05:00	15:50:00	8	8	\N	2
12136	9	16:10:00	16:55:00	8	7	16	2
12137	10	17:00:00	17:45:00	8	7	16	2
12138	11	17:50:00	18:35:00	8	5	9	2
12139	1	09:00:00	09:45:00	8	6	11	3
12140	2	09:50:00	10:35:00	8	3	6	3
12141	3	10:40:00	11:25:00	8	6	11	3
12142	4	11:30:00	12:15:00	8	8	\N	3
12143	5	12:35:00	13:20:00	8	1	2	3
12144	6	13:25:00	14:10:00	8	7	16	3
12145	7	14:15:00	15:00:00	8	2	4	3
12146	8	15:05:00	15:50:00	8	8	\N	3
12147	9	16:10:00	16:55:00	8	7	16	3
12148	10	17:00:00	17:45:00	8	5	9	3
12149	11	17:50:00	18:35:00	8	5	9	3
12150	1	09:00:00	09:45:00	8	6	11	4
12151	2	09:50:00	10:35:00	8	1	2	4
12152	3	10:40:00	11:25:00	8	2	4	4
12153	4	11:30:00	12:15:00	8	8	\N	4
12154	5	12:35:00	13:20:00	8	5	9	4
12155	6	13:25:00	14:10:00	8	6	11	4
12156	7	14:15:00	15:00:00	8	7	16	4
12157	8	15:05:00	15:50:00	8	8	\N	4
12158	9	16:10:00	16:55:00	8	5	9	4
12159	10	17:00:00	17:45:00	8	3	6	4
12160	11	17:50:00	18:35:00	8	6	11	4
12161	1	09:00:00	09:45:00	8	6	11	5
12162	2	09:50:00	10:35:00	8	5	9	5
12163	3	10:40:00	11:25:00	8	7	16	5
12164	4	11:30:00	12:15:00	8	8	\N	5
12165	5	12:35:00	13:20:00	8	6	11	5
12166	6	13:25:00	14:10:00	8	3	6	5
12167	7	14:15:00	15:00:00	8	1	2	5
12168	8	15:05:00	15:50:00	8	8	\N	5
12169	9	16:10:00	16:55:00	8	2	4	5
12170	10	17:00:00	17:45:00	8	7	16	5
12171	11	17:50:00	18:35:00	8	2	4	5
12172	1	09:00:00	09:45:00	8	6	11	6
12173	2	09:50:00	10:35:00	8	7	16	6
12174	3	10:40:00	11:25:00	8	3	6	6
12175	4	11:30:00	12:15:00	8	8	\N	6
12176	5	12:35:00	13:20:00	8	6	11	6
12177	6	13:25:00	14:10:00	8	1	2	6
12178	7	14:15:00	15:00:00	8	5	9	6
12179	8	15:05:00	15:50:00	8	8	\N	6
12180	9	16:10:00	16:55:00	8	2	4	6
12181	10	17:00:00	17:45:00	8	6	11	6
12182	11	17:50:00	18:35:00	8	7	16	6
12183	1	09:00:00	09:45:00	9	7	16	1
12184	2	09:50:00	10:35:00	9	6	11	1
12185	3	10:40:00	11:25:00	9	2	4	1
12186	4	11:30:00	12:15:00	9	8	\N	1
12187	5	12:35:00	13:20:00	9	5	9	1
12188	6	13:25:00	14:10:00	9	1	2	1
12189	7	14:15:00	15:00:00	9	7	16	1
12190	8	15:05:00	15:50:00	9	8	\N	1
12191	9	16:10:00	16:55:00	9	3	6	1
12192	10	17:00:00	17:45:00	9	6	11	1
12193	11	17:50:00	18:35:00	9	6	11	1
12194	1	09:00:00	09:45:00	9	7	16	2
12195	2	09:50:00	10:35:00	9	5	9	2
12196	3	10:40:00	11:25:00	9	1	2	2
12197	4	11:30:00	12:15:00	9	8	\N	2
12198	5	12:35:00	13:20:00	9	6	11	2
12199	6	13:25:00	14:10:00	9	2	4	2
12200	7	14:15:00	15:00:00	9	3	6	2
12201	8	15:05:00	15:50:00	9	8	\N	2
12202	9	16:10:00	16:55:00	9	7	16	2
12203	10	17:00:00	17:45:00	9	7	16	2
12204	11	17:50:00	18:35:00	9	3	6	2
12205	1	09:00:00	09:45:00	9	7	16	3
12206	2	09:50:00	10:35:00	9	1	2	3
12207	3	10:40:00	11:25:00	9	7	16	3
12208	4	11:30:00	12:15:00	9	8	\N	3
12209	5	12:35:00	13:20:00	9	2	4	3
12210	6	13:25:00	14:10:00	9	6	11	3
12211	7	14:15:00	15:00:00	9	5	9	3
12212	8	15:05:00	15:50:00	9	8	\N	3
12213	9	16:10:00	16:55:00	9	7	16	3
12214	10	17:00:00	17:45:00	9	3	6	3
12215	11	17:50:00	18:35:00	9	6	11	3
12216	1	09:00:00	09:45:00	9	7	16	4
12217	2	09:50:00	10:35:00	9	5	9	4
12218	3	10:40:00	11:25:00	9	2	4	4
12219	4	11:30:00	12:15:00	9	8	\N	4
12220	5	12:35:00	13:20:00	9	7	16	4
12221	6	13:25:00	14:10:00	9	3	6	4
12222	7	14:15:00	15:00:00	9	6	11	4
12223	8	15:05:00	15:50:00	9	8	\N	4
12224	9	16:10:00	16:55:00	9	1	2	4
12225	10	17:00:00	17:45:00	9	6	11	4
12226	11	17:50:00	18:35:00	9	7	16	4
12227	1	09:00:00	09:45:00	9	7	16	5
12228	2	09:50:00	10:35:00	9	7	16	5
12229	3	10:40:00	11:25:00	9	5	9	5
12230	4	11:30:00	12:15:00	9	8	\N	5
12231	5	12:35:00	13:20:00	9	1	2	5
12232	6	13:25:00	14:10:00	9	3	6	5
12233	7	14:15:00	15:00:00	9	2	4	5
12234	8	15:05:00	15:50:00	9	8	\N	5
12235	9	16:10:00	16:55:00	9	6	11	5
12236	10	17:00:00	17:45:00	9	2	4	5
12237	11	17:50:00	18:35:00	9	2	4	5
12238	1	09:00:00	09:45:00	9	7	16	6
12239	2	09:50:00	10:35:00	9	7	16	6
12240	3	10:40:00	11:25:00	9	2	4	6
12241	4	11:30:00	12:15:00	9	8	\N	6
12242	5	12:35:00	13:20:00	9	3	6	6
12243	6	13:25:00	14:10:00	9	1	2	6
12244	7	14:15:00	15:00:00	9	5	9	6
12245	8	15:05:00	15:50:00	9	8	\N	6
12246	9	16:10:00	16:55:00	9	6	11	6
12247	10	17:00:00	17:45:00	9	6	11	6
12248	11	17:50:00	18:35:00	9	2	4	6
\.


--
-- Data for Name: school_app_aitimetablesettings; Type: TABLE DATA; Schema: public; Owner: postgres
--

COPY public.school_app_aitimetablesettings (id, num_periods, period_duration, gap_between_periods, break_after_period_1, break_after_period_2, break_duration, start_hour, start_minute) FROM stdin;
2	11	45	5	4	8	15	9	0
\.


--
-- Data for Name: school_app_breakperiod; Type: TABLE DATA; Schema: public; Owner: postgres
--

COPY public.school_app_breakperiod (id, day, period, start_time, end_time, break_type) FROM stdin;
\.


--
-- Data for Name: school_app_class; Type: TABLE DATA; Schema: public; Owner: postgres
--

COPY public.school_app_class (id, name, syllabus, academic_year_id, class_teacher_id) FROM stdin;
10	10th	\N	\N	2
1	1st	\N	\N	1
2	2nd	\N	\N	3
3	3rd	\N	\N	5
4	4th	\N	\N	8
5	5th	\N	\N	9
6	6th	\N	\N	6
7	7th	\N	\N	9
8	8th	\N	\N	11
9	9th	\N	\N	16
\.


--
-- Data for Name: school_app_classsubsubjectassignment; Type: TABLE DATA; Schema: public; Owner: postgres
--

COPY public.school_app_classsubsubjectassignment (id, school_class_id, subject_id, subsubject_id) FROM stdin;
\.


--
-- Data for Name: school_app_dailytimetableentry; Type: TABLE DATA; Schema: public; Owner: postgres
--

COPY public.school_app_dailytimetableentry (id, date, period_number, start_time, end_time, classroom_id, subject_id, teacher_id) FROM stdin;
501	2025-05-26	1	08:00:00	08:45:00	4	5	8
502	2025-05-26	1	08:00:00	08:45:00	3	3	5
503	2025-05-26	1	08:00:00	08:45:00	9	7	16
504	2025-05-26	1	08:00:00	08:45:00	8	6	11
505	2025-05-26	1	08:00:00	08:45:00	1	1	\N
506	2025-05-26	1	08:00:00	08:45:00	10	1	2
507	2025-05-26	1	08:00:00	08:45:00	7	5	9
508	2025-05-26	1	08:00:00	08:45:00	6	3	6
509	2025-05-26	1	08:00:00	08:45:00	5	5	9
510	2025-05-26	1	08:00:00	08:45:00	2	2	3
511	2025-05-26	2	08:50:00	09:35:00	10	2	\N
512	2025-05-26	2	08:50:00	09:35:00	3	4	\N
513	2025-05-26	2	08:50:00	09:35:00	4	3	5
514	2025-05-26	2	08:50:00	09:35:00	9	3	6
515	2025-05-26	2	08:50:00	09:35:00	6	3	6
516	2025-05-26	2	08:50:00	09:35:00	8	3	6
517	2025-05-26	2	08:50:00	09:35:00	2	4	\N
518	2025-05-26	2	08:50:00	09:35:00	7	2	\N
519	2025-05-26	2	08:50:00	09:35:00	5	6	\N
520	2025-05-26	2	08:50:00	09:35:00	1	5	8
521	2025-05-26	3	09:40:00	10:25:00	1	8	\N
522	2025-05-26	3	09:40:00	10:25:00	10	8	\N
523	2025-05-26	3	09:40:00	10:25:00	2	8	\N
524	2025-05-26	3	09:40:00	10:25:00	3	8	\N
525	2025-05-26	3	09:40:00	10:25:00	4	8	\N
526	2025-05-26	3	09:40:00	10:25:00	5	8	\N
527	2025-05-26	3	09:40:00	10:25:00	6	8	\N
528	2025-05-26	3	09:40:00	10:25:00	7	8	\N
529	2025-05-26	3	09:40:00	10:25:00	8	8	\N
530	2025-05-26	3	09:40:00	10:25:00	9	8	\N
531	2025-05-26	4	10:45:00	11:30:00	4	2	3
532	2025-05-26	4	10:45:00	11:30:00	8	1	2
533	2025-05-26	4	10:45:00	11:30:00	9	1	2
534	2025-05-26	4	10:45:00	11:30:00	5	2	3
535	2025-05-26	4	10:45:00	11:30:00	6	5	9
536	2025-05-26	4	10:45:00	11:30:00	3	2	3
537	2025-05-26	4	10:45:00	11:30:00	10	5	9
538	2025-05-26	4	10:45:00	11:30:00	7	7	16
539	2025-05-26	4	10:45:00	11:30:00	2	1	\N
540	2025-05-26	4	10:45:00	11:30:00	1	2	3
541	2025-05-26	5	11:35:00	12:20:00	1	6	\N
542	2025-05-26	5	11:35:00	12:20:00	6	7	16
543	2025-05-26	5	11:35:00	12:20:00	4	1	\N
544	2025-05-26	5	11:35:00	12:20:00	3	6	\N
545	2025-05-26	5	11:35:00	12:20:00	10	6	11
546	2025-05-26	5	11:35:00	12:20:00	8	5	9
547	2025-05-26	5	11:35:00	12:20:00	5	3	5
548	2025-05-26	5	11:35:00	12:20:00	2	5	8
549	2025-05-26	5	11:35:00	12:20:00	7	1	2
550	2025-05-26	5	11:35:00	12:20:00	9	7	16
551	2025-05-26	6	12:25:00	13:10:00	3	8	\N
552	2025-05-26	6	12:25:00	13:10:00	4	8	\N
553	2025-05-26	6	12:25:00	13:10:00	5	8	\N
554	2025-05-26	6	12:25:00	13:10:00	1	8	\N
555	2025-05-26	6	12:25:00	13:10:00	6	8	\N
556	2025-05-26	6	12:25:00	13:10:00	9	8	\N
557	2025-05-26	6	12:25:00	13:10:00	7	8	\N
558	2025-05-26	6	12:25:00	13:10:00	10	8	\N
559	2025-05-26	6	12:25:00	13:10:00	8	8	\N
560	2025-05-26	6	12:25:00	13:10:00	2	8	\N
561	2025-05-26	7	13:30:00	14:15:00	5	1	\N
562	2025-05-26	7	13:30:00	14:15:00	4	6	\N
563	2025-05-26	7	13:30:00	14:15:00	7	3	6
564	2025-05-26	7	13:30:00	14:15:00	10	7	16
565	2025-05-26	7	13:30:00	14:15:00	9	6	11
566	2025-05-26	7	13:30:00	14:15:00	1	4	\N
567	2025-05-26	7	13:30:00	14:15:00	8	7	16
568	2025-05-26	7	13:30:00	14:15:00	2	2	3
569	2025-05-26	7	13:30:00	14:15:00	6	2	\N
570	2025-05-26	7	13:30:00	14:15:00	3	5	8
571	2025-05-26	8	14:20:00	15:05:00	5	5	9
572	2025-05-26	8	14:20:00	15:05:00	8	6	11
573	2025-05-26	8	14:20:00	15:05:00	4	4	\N
574	2025-05-26	8	14:20:00	15:05:00	7	6	11
575	2025-05-26	8	14:20:00	15:05:00	2	6	\N
576	2025-05-26	8	14:20:00	15:05:00	9	5	9
577	2025-05-26	8	14:20:00	15:05:00	10	1	2
578	2025-05-26	8	14:20:00	15:05:00	6	6	11
579	2025-05-26	8	14:20:00	15:05:00	1	3	5
580	2025-05-26	8	14:20:00	15:05:00	3	1	\N
981	2025-05-27	1	08:00:00	08:45:00	4	5	8
982	2025-05-27	1	08:00:00	08:45:00	3	3	5
983	2025-05-27	1	08:00:00	08:45:00	9	7	16
984	2025-05-27	1	08:00:00	08:45:00	8	6	11
985	2025-05-27	1	08:00:00	08:45:00	1	1	\N
986	2025-05-27	1	08:00:00	08:45:00	10	1	\N
987	2025-05-27	1	08:00:00	08:45:00	7	5	\N
988	2025-05-27	1	08:00:00	08:45:00	6	3	\N
989	2025-05-27	1	08:00:00	08:45:00	5	5	\N
990	2025-05-27	1	08:00:00	08:45:00	2	2	3
991	2025-05-27	2	08:50:00	09:35:00	10	7	16
992	2025-05-27	2	08:50:00	09:35:00	3	6	10
993	2025-05-27	2	08:50:00	09:35:00	4	6	10
994	2025-05-27	2	08:50:00	09:35:00	9	5	\N
995	2025-05-27	2	08:50:00	09:35:00	6	3	\N
996	2025-05-27	2	08:50:00	09:35:00	8	6	11
997	2025-05-27	2	08:50:00	09:35:00	2	3	5
998	2025-05-27	2	08:50:00	09:35:00	7	7	16
999	2025-05-27	2	08:50:00	09:35:00	5	3	5
1000	2025-05-27	2	08:50:00	09:35:00	1	1	\N
1001	2025-05-27	3	09:40:00	10:25:00	1	8	\N
1002	2025-05-27	3	09:40:00	10:25:00	10	8	\N
1003	2025-05-27	3	09:40:00	10:25:00	2	8	\N
1004	2025-05-27	3	09:40:00	10:25:00	3	8	\N
1005	2025-05-27	3	09:40:00	10:25:00	4	8	\N
1006	2025-05-27	3	09:40:00	10:25:00	5	8	\N
1007	2025-05-27	3	09:40:00	10:25:00	6	8	\N
1008	2025-05-27	3	09:40:00	10:25:00	7	8	\N
1009	2025-05-27	3	09:40:00	10:25:00	8	8	\N
1010	2025-05-27	3	09:40:00	10:25:00	9	8	\N
1011	2025-05-27	4	10:45:00	11:30:00	4	1	\N
1012	2025-05-27	4	10:45:00	11:30:00	8	7	16
1013	2025-05-27	4	10:45:00	11:30:00	9	7	16
1014	2025-05-27	4	10:45:00	11:30:00	5	2	3
1015	2025-05-27	4	10:45:00	11:30:00	6	6	11
1016	2025-05-27	4	10:45:00	11:30:00	3	2	3
1017	2025-05-27	4	10:45:00	11:30:00	10	3	\N
1018	2025-05-27	4	10:45:00	11:30:00	7	2	4
1019	2025-05-27	4	10:45:00	11:30:00	2	5	8
1020	2025-05-27	4	10:45:00	11:30:00	1	3	5
1021	2025-05-27	5	11:35:00	12:20:00	1	2	3
1022	2025-05-27	5	11:35:00	12:20:00	6	1	\N
1023	2025-05-27	5	11:35:00	12:20:00	4	5	8
1024	2025-05-27	5	11:35:00	12:20:00	3	1	\N
1025	2025-05-27	5	11:35:00	12:20:00	10	2	4
1026	2025-05-27	5	11:35:00	12:20:00	8	3	\N
1027	2025-05-27	5	11:35:00	12:20:00	5	1	\N
1028	2025-05-27	5	11:35:00	12:20:00	2	2	3
1029	2025-05-27	5	11:35:00	12:20:00	7	3	\N
1030	2025-05-27	5	11:35:00	12:20:00	9	1	\N
1031	2025-05-27	6	12:25:00	13:10:00	3	8	\N
1032	2025-05-27	6	12:25:00	13:10:00	4	8	\N
1033	2025-05-27	6	12:25:00	13:10:00	5	8	\N
1034	2025-05-27	6	12:25:00	13:10:00	1	8	\N
1035	2025-05-27	6	12:25:00	13:10:00	6	8	\N
1036	2025-05-27	6	12:25:00	13:10:00	9	8	\N
1037	2025-05-27	6	12:25:00	13:10:00	7	8	\N
1038	2025-05-27	6	12:25:00	13:10:00	10	8	\N
1039	2025-05-27	6	12:25:00	13:10:00	8	8	\N
1040	2025-05-27	6	12:25:00	13:10:00	2	8	\N
1041	2025-05-27	7	13:30:00	14:15:00	5	4	7
1042	2025-05-27	7	13:30:00	14:15:00	4	2	3
1043	2025-05-27	7	13:30:00	14:15:00	7	1	\N
1044	2025-05-27	7	13:30:00	14:15:00	10	5	\N
1045	2025-05-27	7	13:30:00	14:15:00	9	6	11
1046	2025-05-27	7	13:30:00	14:15:00	1	5	8
1047	2025-05-27	7	13:30:00	14:15:00	8	5	\N
1048	2025-05-27	7	13:30:00	14:15:00	2	1	\N
1049	2025-05-27	7	13:30:00	14:15:00	6	7	16
1050	2025-05-27	7	13:30:00	14:15:00	3	4	7
1051	2025-05-27	8	14:20:00	15:05:00	5	5	\N
1052	2025-05-27	8	14:20:00	15:05:00	8	1	\N
1053	2025-05-27	8	14:20:00	15:05:00	4	3	5
1054	2025-05-27	8	14:20:00	15:05:00	7	5	\N
1055	2025-05-27	8	14:20:00	15:05:00	2	6	10
1056	2025-05-27	8	14:20:00	15:05:00	9	2	4
1057	2025-05-27	8	14:20:00	15:05:00	10	1	\N
1058	2025-05-27	8	14:20:00	15:05:00	6	2	4
1059	2025-05-27	8	14:20:00	15:05:00	1	6	10
1060	2025-05-27	8	14:20:00	15:05:00	3	5	8
2491	2025-05-29	10	16:50:00	17:35:00	1	4	7
2492	2025-05-29	10	16:50:00	17:35:00	5	5	9
2493	2025-05-29	10	16:50:00	17:35:00	10	5	9
2494	2025-05-29	10	16:50:00	17:35:00	2	3	5
2495	2025-05-29	10	16:50:00	17:35:00	6	6	11
2496	2025-05-29	10	16:50:00	17:35:00	3	5	8
2497	2025-05-29	10	16:50:00	17:35:00	7	1	2
2498	2025-05-29	10	16:50:00	17:35:00	9	6	11
2499	2025-05-29	10	16:50:00	17:35:00	8	3	6
2500	2025-05-29	10	16:50:00	17:35:00	4	4	7
2501	2025-05-29	11	17:40:00	18:25:00	7	6	11
2502	2025-05-29	11	17:40:00	18:25:00	9	7	16
2503	2025-05-29	11	17:40:00	18:25:00	1	1	1
2504	2025-05-29	11	17:40:00	18:25:00	2	3	5
2505	2025-05-29	11	17:40:00	18:25:00	3	3	5
2506	2025-05-29	11	17:40:00	18:25:00	4	2	3
2507	2025-05-29	11	17:40:00	18:25:00	5	4	7
2508	2025-05-29	11	17:40:00	18:25:00	6	3	6
2509	2025-05-29	11	17:40:00	18:25:00	10	1	2
2510	2025-05-29	11	17:40:00	18:25:00	8	6	11
2401	2025-05-29	1	09:00:00	09:45:00	3	3	5
2402	2025-05-29	1	09:00:00	09:45:00	2	2	3
2181	2025-05-28	1	09:00:00	09:45:00	3	3	\N
2182	2025-05-28	1	09:00:00	09:45:00	2	2	\N
2183	2025-05-28	1	09:00:00	09:45:00	9	7	16
2184	2025-05-28	1	09:00:00	09:45:00	8	6	11
2185	2025-05-28	1	09:00:00	09:45:00	7	5	9
2186	2025-05-28	1	09:00:00	09:45:00	6	3	6
2187	2025-05-28	1	09:00:00	09:45:00	1	1	\N
2188	2025-05-28	1	09:00:00	09:45:00	10	1	2
2189	2025-05-28	1	09:00:00	09:45:00	5	5	9
2190	2025-05-28	1	09:00:00	09:45:00	4	5	8
2191	2025-05-28	2	09:50:00	10:35:00	3	3	\N
2192	2025-05-28	2	09:50:00	10:35:00	4	3	\N
2193	2025-05-28	2	09:50:00	10:35:00	10	2	4
2194	2025-05-28	2	09:50:00	10:35:00	9	1	2
2195	2025-05-28	2	09:50:00	10:35:00	1	4	\N
2196	2025-05-28	2	09:50:00	10:35:00	8	3	6
2197	2025-05-28	2	09:50:00	10:35:00	2	6	10
2198	2025-05-28	2	09:50:00	10:35:00	7	3	6
2199	2025-05-28	2	09:50:00	10:35:00	5	1	\N
2200	2025-05-28	2	09:50:00	10:35:00	6	1	2
2201	2025-05-28	3	10:40:00	11:25:00	1	2	\N
2202	2025-05-28	3	10:40:00	11:25:00	10	7	16
2203	2025-05-28	3	10:40:00	11:25:00	2	1	\N
2204	2025-05-28	3	10:40:00	11:25:00	3	6	10
2205	2025-05-28	3	10:40:00	11:25:00	4	4	\N
2206	2025-05-28	3	10:40:00	11:25:00	5	5	9
2207	2025-05-28	3	10:40:00	11:25:00	6	7	16
2208	2025-05-28	3	10:40:00	11:25:00	7	1	2
2209	2025-05-28	3	10:40:00	11:25:00	8	6	11
2210	2025-05-28	3	10:40:00	11:25:00	9	7	16
2211	2025-05-28	4	11:30:00	12:15:00	6	8	\N
2212	2025-05-28	4	11:30:00	12:15:00	5	8	\N
2213	2025-05-28	4	11:30:00	12:15:00	1	8	\N
2214	2025-05-28	4	11:30:00	12:15:00	3	8	\N
2215	2025-05-28	4	11:30:00	12:15:00	8	8	\N
2216	2025-05-28	4	11:30:00	12:15:00	7	8	\N
2217	2025-05-28	4	11:30:00	12:15:00	2	8	\N
2218	2025-05-28	4	11:30:00	12:15:00	9	8	\N
2219	2025-05-28	4	11:30:00	12:15:00	4	8	\N
2220	2025-05-28	4	11:30:00	12:15:00	10	8	\N
2221	2025-05-28	5	12:30:00	13:15:00	8	1	2
2222	2025-05-28	5	12:30:00	13:15:00	5	4	\N
2223	2025-05-28	5	12:30:00	13:15:00	6	6	11
2224	2025-05-28	5	12:30:00	13:15:00	7	5	9
2225	2025-05-28	5	12:30:00	13:15:00	1	1	\N
2226	2025-05-28	5	12:30:00	13:15:00	9	2	4
2227	2025-05-28	5	12:30:00	13:15:00	4	2	\N
2228	2025-05-28	5	12:30:00	13:15:00	3	2	\N
2229	2025-05-28	5	12:30:00	13:15:00	2	3	\N
2230	2025-05-28	5	12:30:00	13:15:00	10	6	11
2231	2025-05-28	6	13:20:00	14:05:00	10	5	9
2232	2025-05-28	6	13:20:00	14:05:00	3	5	8
2233	2025-05-28	6	13:20:00	14:05:00	1	3	\N
2234	2025-05-28	6	13:20:00	14:05:00	9	6	11
2235	2025-05-28	6	13:20:00	14:05:00	4	1	\N
2236	2025-05-28	6	13:20:00	14:05:00	5	3	\N
2237	2025-05-28	6	13:20:00	14:05:00	6	5	9
2238	2025-05-28	6	13:20:00	14:05:00	7	2	4
2239	2025-05-28	6	13:20:00	14:05:00	8	7	16
2240	2025-05-28	6	13:20:00	14:05:00	2	4	\N
2241	2025-05-28	7	14:10:00	14:55:00	1	5	8
2242	2025-05-28	7	14:10:00	14:55:00	9	5	9
2243	2025-05-28	7	14:10:00	14:55:00	6	2	4
2244	2025-05-28	7	14:10:00	14:55:00	8	2	4
2245	2025-05-28	7	14:10:00	14:55:00	5	2	\N
2246	2025-05-28	7	14:10:00	14:55:00	10	1	2
2247	2025-05-28	7	14:10:00	14:55:00	7	6	11
2248	2025-05-28	7	14:10:00	14:55:00	2	2	\N
2249	2025-05-28	7	14:10:00	14:55:00	3	1	\N
2250	2025-05-28	7	14:10:00	14:55:00	4	5	8
2251	2025-05-28	8	15:00:00	15:45:00	5	8	\N
2252	2025-05-28	8	15:00:00	15:45:00	3	8	\N
2253	2025-05-28	8	15:00:00	15:45:00	8	8	\N
2254	2025-05-28	8	15:00:00	15:45:00	9	8	\N
2255	2025-05-28	8	15:00:00	15:45:00	6	8	\N
2256	2025-05-28	8	15:00:00	15:45:00	10	8	\N
2257	2025-05-28	8	15:00:00	15:45:00	4	8	\N
2258	2025-05-28	8	15:00:00	15:45:00	2	8	\N
2259	2025-05-28	8	15:00:00	15:45:00	7	8	\N
2260	2025-05-28	8	15:00:00	15:45:00	1	8	\N
2261	2025-05-28	9	16:00:00	16:45:00	1	6	10
2262	2025-05-28	9	16:00:00	16:45:00	4	2	\N
2263	2025-05-28	9	16:00:00	16:45:00	2	5	8
2264	2025-05-28	9	16:00:00	16:45:00	8	7	16
2265	2025-05-28	9	16:00:00	16:45:00	3	5	8
2266	2025-05-28	9	16:00:00	16:45:00	6	3	6
2267	2025-05-28	9	16:00:00	16:45:00	5	6	10
2268	2025-05-28	9	16:00:00	16:45:00	10	3	6
2269	2025-05-28	9	16:00:00	16:45:00	7	7	16
2270	2025-05-28	9	16:00:00	16:45:00	9	7	16
2271	2025-05-28	10	16:50:00	17:35:00	1	2	\N
2272	2025-05-28	10	16:50:00	17:35:00	5	3	\N
2273	2025-05-28	10	16:50:00	17:35:00	10	7	16
2274	2025-05-28	10	16:50:00	17:35:00	2	4	\N
2275	2025-05-28	10	16:50:00	17:35:00	6	3	6
2276	2025-05-28	10	16:50:00	17:35:00	3	4	\N
2277	2025-05-28	10	16:50:00	17:35:00	7	1	2
2278	2025-05-28	10	16:50:00	17:35:00	9	3	6
2279	2025-05-28	10	16:50:00	17:35:00	8	5	9
2280	2025-05-28	10	16:50:00	17:35:00	4	6	10
2281	2025-05-28	11	17:40:00	18:25:00	7	7	16
2282	2025-05-28	11	17:40:00	18:25:00	9	6	11
2283	2025-05-28	11	17:40:00	18:25:00	1	6	10
2284	2025-05-28	11	17:40:00	18:25:00	2	1	\N
2285	2025-05-28	11	17:40:00	18:25:00	3	6	10
2286	2025-05-28	11	17:40:00	18:25:00	4	4	\N
2287	2025-05-28	11	17:40:00	18:25:00	5	5	9
2288	2025-05-28	11	17:40:00	18:25:00	6	3	6
2289	2025-05-28	11	17:40:00	18:25:00	10	2	4
2290	2025-05-28	11	17:40:00	18:25:00	8	5	9
2403	2025-05-29	1	09:00:00	09:45:00	9	7	16
2404	2025-05-29	1	09:00:00	09:45:00	8	6	11
2405	2025-05-29	1	09:00:00	09:45:00	7	5	9
2406	2025-05-29	1	09:00:00	09:45:00	6	3	6
2407	2025-05-29	1	09:00:00	09:45:00	1	1	1
2408	2025-05-29	1	09:00:00	09:45:00	10	1	2
2409	2025-05-29	1	09:00:00	09:45:00	5	5	9
2410	2025-05-29	1	09:00:00	09:45:00	4	5	8
2411	2025-05-29	2	09:50:00	10:35:00	3	4	7
2412	2025-05-29	2	09:50:00	10:35:00	4	2	3
2413	2025-05-29	2	09:50:00	10:35:00	10	7	16
2414	2025-05-29	2	09:50:00	10:35:00	9	5	9
2415	2025-05-29	2	09:50:00	10:35:00	1	4	7
2416	2025-05-29	2	09:50:00	10:35:00	8	1	2
2417	2025-05-29	2	09:50:00	10:35:00	2	6	10
2418	2025-05-29	2	09:50:00	10:35:00	7	1	2
2419	2025-05-29	2	09:50:00	10:35:00	5	5	9
2420	2025-05-29	2	09:50:00	10:35:00	6	1	2
2421	2025-05-29	3	10:40:00	11:25:00	1	2	3
2422	2025-05-29	3	10:40:00	11:25:00	10	6	11
2423	2025-05-29	3	10:40:00	11:25:00	2	5	8
2424	2025-05-29	3	10:40:00	11:25:00	3	2	3
2425	2025-05-29	3	10:40:00	11:25:00	4	5	8
2426	2025-05-29	3	10:40:00	11:25:00	5	3	5
2427	2025-05-29	3	10:40:00	11:25:00	6	6	11
2428	2025-05-29	3	10:40:00	11:25:00	7	6	11
2429	2025-05-29	3	10:40:00	11:25:00	8	2	4
2430	2025-05-29	3	10:40:00	11:25:00	9	2	4
2431	2025-05-29	4	11:30:00	12:15:00	6	8	\N
2432	2025-05-29	4	11:30:00	12:15:00	5	8	\N
2433	2025-05-29	4	11:30:00	12:15:00	1	8	\N
2434	2025-05-29	4	11:30:00	12:15:00	3	8	\N
2435	2025-05-29	4	11:30:00	12:15:00	8	8	\N
2436	2025-05-29	4	11:30:00	12:15:00	7	8	\N
2437	2025-05-29	4	11:30:00	12:15:00	2	8	\N
2438	2025-05-29	4	11:30:00	12:15:00	9	8	\N
2439	2025-05-29	4	11:30:00	12:15:00	4	8	\N
2440	2025-05-29	4	11:30:00	12:15:00	10	8	\N
2441	2025-05-29	5	12:30:00	13:15:00	8	5	9
2442	2025-05-29	5	12:30:00	13:15:00	5	4	7
2443	2025-05-29	5	12:30:00	13:15:00	6	5	9
2444	2025-05-29	5	12:30:00	13:15:00	7	3	6
2445	2025-05-29	5	12:30:00	13:15:00	1	5	8
2446	2025-05-29	5	12:30:00	13:15:00	9	7	16
2447	2025-05-29	5	12:30:00	13:15:00	4	4	7
2448	2025-05-29	5	12:30:00	13:15:00	3	1	1
2449	2025-05-29	5	12:30:00	13:15:00	2	4	7
2450	2025-05-29	5	12:30:00	13:15:00	10	2	4
2451	2025-05-29	6	13:20:00	14:05:00	10	3	6
2452	2025-05-29	6	13:20:00	14:05:00	3	6	10
2453	2025-05-29	6	13:20:00	14:05:00	1	6	10
2454	2025-05-29	6	13:20:00	14:05:00	9	3	6
2455	2025-05-29	6	13:20:00	14:05:00	4	6	10
2456	2025-05-29	6	13:20:00	14:05:00	5	1	1
2457	2025-05-29	6	13:20:00	14:05:00	6	2	4
2458	2025-05-29	6	13:20:00	14:05:00	7	2	4
2459	2025-05-29	6	13:20:00	14:05:00	8	6	11
2460	2025-05-29	6	13:20:00	14:05:00	2	2	3
2461	2025-05-29	7	14:10:00	14:55:00	1	3	5
2462	2025-05-29	7	14:10:00	14:55:00	9	6	11
2463	2025-05-29	7	14:10:00	14:55:00	6	3	6
2464	2025-05-29	7	14:10:00	14:55:00	8	7	16
2465	2025-05-29	7	14:10:00	14:55:00	5	2	3
2466	2025-05-29	7	14:10:00	14:55:00	10	5	9
2467	2025-05-29	7	14:10:00	14:55:00	7	7	16
2468	2025-05-29	7	14:10:00	14:55:00	2	1	1
2469	2025-05-29	7	14:10:00	14:55:00	3	5	8
2470	2025-05-29	7	14:10:00	14:55:00	4	3	5
2471	2025-05-29	8	15:00:00	15:45:00	5	8	\N
2472	2025-05-29	8	15:00:00	15:45:00	3	8	\N
2473	2025-05-29	8	15:00:00	15:45:00	8	8	\N
2474	2025-05-29	8	15:00:00	15:45:00	9	8	\N
2475	2025-05-29	8	15:00:00	15:45:00	6	8	\N
2476	2025-05-29	8	15:00:00	15:45:00	10	8	\N
2477	2025-05-29	8	15:00:00	15:45:00	4	8	\N
2478	2025-05-29	8	15:00:00	15:45:00	2	8	\N
2479	2025-05-29	8	15:00:00	15:45:00	7	8	\N
2480	2025-05-29	8	15:00:00	15:45:00	1	8	\N
2481	2025-05-29	9	16:00:00	16:45:00	1	1	1
2482	2025-05-29	9	16:00:00	16:45:00	4	1	1
2483	2025-05-29	9	16:00:00	16:45:00	2	4	7
2484	2025-05-29	9	16:00:00	16:45:00	8	5	9
2485	2025-05-29	9	16:00:00	16:45:00	3	6	10
2486	2025-05-29	9	16:00:00	16:45:00	6	7	16
2487	2025-05-29	9	16:00:00	16:45:00	5	6	10
2488	2025-05-29	9	16:00:00	16:45:00	10	1	2
2489	2025-05-29	9	16:00:00	16:45:00	7	5	9
2490	2025-05-29	9	16:00:00	16:45:00	9	1	2
\.


--
-- Data for Name: school_app_exam; Type: TABLE DATA; Schema: public; Owner: postgres
--

COPY public.school_app_exam (id, name) FROM stdin;
1	Half Yearly Exam
2	Test Exam For Absent
\.


--
-- Data for Name: school_app_examschedule; Type: TABLE DATA; Schema: public; Owner: postgres
--

COPY public.school_app_examschedule (id, date, total_marks, exam_id, school_class_id, subject_id) FROM stdin;
22	2025-09-02	20	1	1	1
23	2025-09-03	20	1	1	2
24	2025-09-03	20	1	1	3
25	2025-09-04	20	1	1	4
26	2025-09-05	20	1	1	5
27	2025-09-06	20	1	1	6
28	2025-09-02	30	1	2	1
29	2025-09-03	20	1	2	2
30	2025-09-03	20	1	2	3
31	2025-09-04	20	1	2	4
32	2025-09-05	20	1	2	5
33	2025-09-06	20	1	2	6
34	2025-09-02	40	1	3	1
35	2025-09-03	20	1	3	2
36	2025-09-03	20	1	3	3
37	2025-09-04	20	1	3	4
38	2025-09-05	20	1	3	5
39	2025-09-06	40	1	3	6
40	2025-09-02	40	1	4	1
41	2025-09-03	20	1	4	2
42	2025-09-03	20	1	4	3
43	2025-09-04	20	1	4	4
44	2025-09-05	20	1	4	5
45	2025-09-06	40	1	4	6
46	2025-09-02	40	1	5	1
47	2025-09-03	20	1	5	2
48	2025-09-03	20	1	5	3
49	2025-09-04	20	1	5	4
50	2025-09-05	20	1	5	5
51	2025-09-06	40	1	5	6
52	2025-09-02	40	1	6	1
53	2025-09-03	50	1	6	2
54	2025-09-03	50	1	6	3
55	2025-09-05	60	1	6	5
56	2025-09-06	70	1	6	6
57	2025-09-08	70	1	6	7
58	2025-09-02	40	1	7	1
59	2025-09-03	50	1	7	2
60	2025-09-03	50	1	7	3
61	2025-09-05	60	1	7	5
62	2025-09-06	70	1	7	6
63	2025-09-08	70	1	7	7
64	2025-09-02	40	1	8	1
65	2025-09-03	50	1	8	2
66	2025-09-03	50	1	8	3
67	2025-09-05	60	1	8	5
68	2025-09-06	70	1	8	6
69	2025-09-08	70	1	8	7
70	2025-09-02	40	1	9	1
71	2025-09-03	50	1	9	2
72	2025-09-03	50	1	9	3
73	2025-09-05	60	1	9	5
74	2025-09-06	70	1	9	6
75	2025-09-08	70	1	9	7
76	2025-09-02	40	1	10	1
77	2025-09-03	50	1	10	2
78	2025-09-03	50	1	10	3
79	2025-09-05	60	1	10	5
80	2025-09-06	70	1	10	6
81	2025-09-08	70	1	10	7
82	2025-05-14	30	2	1	1
83	2025-05-15	30	2	1	2
84	2025-05-16	30	2	1	3
85	2025-05-19	30	2	1	4
86	2025-05-19	30	2	1	5
87	2025-05-21	30	2	1	6
88	2025-05-14	30	2	2	1
89	2025-05-15	30	2	2	2
90	2025-05-16	30	2	2	3
91	2025-05-19	30	2	2	4
92	2025-05-19	30	2	2	5
93	2025-05-21	30	2	2	6
94	2025-05-14	30	2	3	1
95	2025-05-15	30	2	3	2
96	2025-05-16	30	2	3	3
97	2025-05-19	30	2	3	4
98	2025-05-19	30	2	3	5
99	2025-05-21	30	2	3	6
100	2025-05-14	30	2	4	1
101	2025-05-15	30	2	4	2
102	2025-05-16	30	2	4	3
103	2025-05-19	30	2	4	4
104	2025-05-19	30	2	4	5
105	2025-05-21	30	2	4	6
106	2025-05-14	30	2	5	1
107	2025-05-15	30	2	5	2
108	2025-05-16	30	2	5	3
109	2025-05-19	30	2	5	4
110	2025-05-19	30	2	5	5
111	2025-05-21	30	2	5	6
112	2025-05-14	30	2	6	1
113	2025-05-15	30	2	6	2
114	2025-05-16	30	2	6	3
115	2025-05-19	30	2	6	5
116	2025-05-21	30	2	6	6
117	2025-05-21	30	2	6	7
118	2025-05-14	30	2	7	1
119	2025-05-15	30	2	7	2
120	2025-05-16	30	2	7	3
121	2025-05-19	30	2	7	5
122	2025-05-21	30	2	7	6
123	2025-05-21	30	2	7	7
124	2025-05-14	30	2	8	1
125	2025-05-15	30	2	8	2
126	2025-05-16	30	2	8	3
127	2025-05-19	30	2	8	5
128	2025-05-21	30	2	8	6
129	2025-05-21	30	2	8	7
130	2025-05-14	30	2	9	1
131	2025-05-15	30	2	9	2
132	2025-05-16	30	2	9	3
133	2025-05-19	30	2	9	5
134	2025-05-21	30	2	9	6
135	2025-05-21	30	2	9	7
136	2025-05-14	30	2	10	1
137	2025-05-15	30	2	10	2
138	2025-05-16	30	2	10	3
139	2025-05-19	30	2	10	5
140	2025-05-21	30	2	10	6
141	2025-05-21	30	2	10	7
\.


--
-- Data for Name: school_app_holiday; Type: TABLE DATA; Schema: public; Owner: postgres
--

COPY public.school_app_holiday (id, date, reason, academic_year_id) FROM stdin;
\.


--
-- Data for Name: school_app_internalassessment; Type: TABLE DATA; Schema: public; Owner: postgres
--

COPY public.school_app_internalassessment (id, syllabus_assessment, softskill_assessment, exam_id, school_class_id, student_id, subject_id, subsubject_id) FROM stdin;
\.


--
-- Data for Name: school_app_marks; Type: TABLE DATA; Schema: public; Owner: postgres
--

COPY public.school_app_marks (id, marks_obtained, total_obtained_marks, remarks, exam_id, student_id, subject_id) FROM stdin;
21	13	\N	\N	1	1	1
22	19	\N	\N	1	1	2
23	18	\N	\N	1	1	3
24	18	\N	\N	1	1	4
25	19	\N	\N	1	1	5
26	19	\N	\N	1	1	6
27	29	\N	\N	1	3	1
28	19	\N	\N	1	3	2
29	19	\N	\N	1	3	3
30	19	\N	\N	1	3	4
31	19	\N	\N	1	3	5
32	19	\N	\N	1	3	6
33	30	\N	\N	1	6	1
34	50	\N	\N	1	6	2
35	49	\N	\N	1	6	3
36	56	\N	\N	1	6	5
37	69	\N	\N	1	6	6
38	68	\N	\N	1	6	7
39	29	\N	\N	2	6	1
40	29	\N	\N	2	6	2
41	29	\N	\N	2	6	3
42	28	\N	\N	2	6	5
43	27	\N	\N	2	6	6
44	25	\N	\N	2	6	7
\.


--
-- Data for Name: school_app_mediafile; Type: TABLE DATA; Schema: public; Owner: postgres
--

COPY public.school_app_mediafile (id, title, description, file, media_type, category, uploaded_at) FROM stdin;
\.


--
-- Data for Name: school_app_parent; Type: TABLE DATA; Schema: public; Owner: postgres
--

COPY public.school_app_parent (id, name, username, password, phone, aadhar, email, address, last_login) FROM stdin;
1	Sonune	p7652	pbkdf2_sha256$1000000$IcJDkceHYjjEGsRs4fnjnu$GfVzbUs79Ro9GO2gqawPR9mD7rVy3w4V0whmv3k5R3U=	1231312	1111	\N		\N
2	sonuene	p6875	pbkdf2_sha256$1000000$tlLGUXaH2riL0IATdyrze4$cgMzhh+TOOOB9e/Yuda5KaOTZaEbOwN2JZQ/RikwmQY=	123123	123123	\N	dawed	\N
3	Sonune	p3354	pbkdf2_sha256$1000000$6Z1CtM3fnZDgKEswO8Npi0$L98I+PGQ+20agBeC3kXXJgRknAhRxjJDv9jPTvZPu7o=	12313121	1111121	\N	abcd	\N
4	12	p5701	pbkdf2_sha256$1000000$jfiYmyHncqv5i5Pzsn6YUO$Zw5GEiJDo3xgC0eklTJNu1/zPGbxMywmihJ8NCwN2DQ=	123121	1231123	\N	w2	\N
5	fdsf	p3534	pbkdf2_sha256$1000000$EgQiXorSYARIhSCYj5Kfn6$D/Z8k5rh4jQ82Ntxit9/aIQJCTK/LPNKPmVg+wjiUCY=	121232	12312	\N	edwe	\N
6	Maske	p9977	pbkdf2_sha256$1000000$I1fwimMTXF1E5zq7mHwbrA$ExmIImkTkxgqqYUmaL4oWU7FQdznI/E6vCHpbeTcNNw=	12312	23123	\N		\N
\.


--
-- Data for Name: school_app_periodtiming; Type: TABLE DATA; Schema: public; Owner: postgres
--

COPY public.school_app_periodtiming (id, period, default_start_time, default_end_time) FROM stdin;
\.


--
-- Data for Name: school_app_schoolday; Type: TABLE DATA; Schema: public; Owner: postgres
--

COPY public.school_app_schoolday (id, day_name) FROM stdin;
1	Mon
2	Tue
3	Wed
4	Thu
5	Fri
6	Sat
\.


--
-- Data for Name: school_app_schoolprofile; Type: TABLE DATA; Schema: public; Owner: postgres
--

COPY public.school_app_schoolprofile (id, name, address, phone_number, email, principal_name, logo) FROM stdin;
1	Podar International School	washim maharastra	9765503588		Sanjay Faltenkar	school_logos/podar_logo.jfif
\.


--
-- Data for Name: school_app_skillordevelopmentarea; Type: TABLE DATA; Schema: public; Owner: postgres
--

COPY public.school_app_skillordevelopmentarea (id, syllabus_assessment, softskill_assessment, assessment_date, created_at, updated_at, school_class_id, student_id, subject_id) FROM stdin;
\.


--
-- Data for Name: school_app_softskillperformance; Type: TABLE DATA; Schema: public; Owner: postgres
--

COPY public.school_app_softskillperformance (id, name) FROM stdin;
\.


--
-- Data for Name: school_app_student; Type: TABLE DATA; Schema: public; Owner: postgres
--

COPY public.school_app_student (id, name, aadhar, pen, email, phone, address, roll_number, role, category, academic_year_id, assigned_class_id, parent_id) FROM stdin;
5	vivek vimal vaishali	12312	\N	\N	121232	edwe	C10-002	\N	General	1	10	5
1	Vaishali Sonunedwd	1111	\N	\N	1231312		C2-001	\N	General	1	2	1
3	Vaishali Sonune 3	1111121	\N	\N	12313121	abcd	C2-002	\N	OBC	1	2	3
6	Ranveer Maske	23123	\N	\N	12312		C6-001	\N	General	1	6	6
\.


--
-- Data for Name: school_app_studentattendance; Type: TABLE DATA; Schema: public; Owner: postgres
--

COPY public.school_app_studentattendance (id, date, status, school_class_id, student_id) FROM stdin;
1	2025-05-13	Present	1	1
2	2025-05-13	Present	1	3
4	2025-05-14	Absent	1	1
5	2025-05-14	Excused	1	3
\.


--
-- Data for Name: school_app_studentsubjectremark; Type: TABLE DATA; Schema: public; Owner: postgres
--

COPY public.school_app_studentsubjectremark (id, remark, exam_id, student_id, subject_id) FROM stdin;
1	Absent	2	1	1
2	Excused	2	3	1
\.


--
-- Data for Name: school_app_subject; Type: TABLE DATA; Schema: public; Owner: postgres
--

COPY public.school_app_subject (id, name) FROM stdin;
1	ENG
2	Hindi
3	Marathi
4	GK
5	EVS/SCI
6	IT
7	S,st
8	Break
9	Class Teacher Period
\.


--
-- Data for Name: school_app_substituteassignment; Type: TABLE DATA; Schema: public; Owner: postgres
--

COPY public.school_app_substituteassignment (id, date, period_number, classroom_id, original_teacher_id, subject_id, substitute_teacher_id) FROM stdin;
4	2025-05-28	1	3	5	3	\N
5	2025-05-28	1	1	1	1	\N
6	2025-05-28	1	2	3	2	\N
7	2025-05-28	2	5	7	4	\N
8	2025-05-28	2	1	7	4	\N
9	2025-05-28	2	4	3	2	\N
10	2025-05-28	4	1	3	2	\N
11	2025-05-28	4	2	3	2	\N
12	2025-05-28	4	4	1	1	\N
13	2025-05-28	4	3	1	1	\N
14	2025-05-28	5	4	7	4	\N
15	2025-05-28	5	3	3	2	\N
16	2025-05-28	6	1	1	1	\N
17	2025-05-28	6	5	5	3	\N
18	2025-05-28	6	2	1	1	\N
19	2025-05-28	8	3	7	4	\N
20	2025-05-28	8	2	5	3	\N
21	2025-05-28	8	1	5	3	\N
22	2025-05-28	8	5	1	1	\N
23	2025-05-28	9	4	3	2	\N
24	2025-05-28	9	2	7	4	\N
25	2025-05-28	9	3	5	3	\N
26	2025-05-28	9	5	3	2	\N
27	2025-05-28	10	1	1	1	\N
28	2025-05-28	10	3	5	3	\N
29	2025-05-28	10	4	5	3	\N
30	2025-05-28	1	3	5	3	\N
31	2025-05-28	1	1	1	1	\N
32	2025-05-28	1	2	3	2	\N
33	2025-05-28	2	5	7	4	\N
34	2025-05-28	2	1	7	4	\N
35	2025-05-28	2	4	3	2	\N
36	2025-05-28	4	1	3	2	\N
37	2025-05-28	4	2	3	2	\N
38	2025-05-28	4	4	1	1	\N
39	2025-05-28	4	3	1	1	\N
40	2025-05-28	5	4	7	4	\N
41	2025-05-28	5	3	3	2	\N
42	2025-05-28	6	1	1	1	\N
43	2025-05-28	6	5	5	3	\N
44	2025-05-28	6	2	1	1	\N
45	2025-05-28	8	3	7	4	\N
46	2025-05-28	8	2	5	3	\N
47	2025-05-28	8	1	5	3	\N
48	2025-05-28	8	5	1	1	\N
49	2025-05-28	9	4	3	2	\N
50	2025-05-28	9	2	7	4	\N
51	2025-05-28	9	3	5	3	\N
52	2025-05-28	9	5	3	2	\N
53	2025-05-28	10	1	1	1	\N
54	2025-05-28	10	3	5	3	\N
55	2025-05-28	10	4	5	3	\N
56	2025-05-28	1	3	5	3	\N
57	2025-05-28	1	2	3	2	\N
58	2025-05-28	1	1	1	1	\N
59	2025-05-28	2	3	5	3	\N
60	2025-05-28	2	4	5	3	\N
61	2025-05-28	2	1	7	4	\N
62	2025-05-28	2	5	1	1	\N
63	2025-05-28	3	1	3	2	\N
64	2025-05-28	3	2	1	1	\N
65	2025-05-28	3	4	7	4	\N
66	2025-05-28	5	5	7	4	\N
67	2025-05-28	5	1	1	1	\N
68	2025-05-28	5	4	3	2	\N
69	2025-05-28	5	3	3	2	\N
70	2025-05-28	5	2	5	3	\N
71	2025-05-28	6	1	5	3	\N
72	2025-05-28	6	4	1	1	\N
73	2025-05-28	6	5	5	3	\N
74	2025-05-28	6	2	7	4	\N
75	2025-05-28	7	5	3	2	\N
76	2025-05-28	7	2	3	2	\N
77	2025-05-28	7	3	1	1	\N
78	2025-05-28	9	4	3	2	\N
79	2025-05-28	10	1	3	2	\N
80	2025-05-28	10	5	5	3	\N
81	2025-05-28	10	2	7	4	\N
82	2025-05-28	10	3	7	4	\N
83	2025-05-28	11	2	1	1	\N
84	2025-05-28	11	4	7	4	\N
\.


--
-- Data for Name: school_app_subsubject; Type: TABLE DATA; Schema: public; Owner: postgres
--

COPY public.school_app_subsubject (id, name, subject_id) FROM stdin;
\.


--
-- Data for Name: school_app_syllabusperformance; Type: TABLE DATA; Schema: public; Owner: postgres
--

COPY public.school_app_syllabusperformance (id, name) FROM stdin;
\.


--
-- Data for Name: school_app_teacher; Type: TABLE DATA; Schema: public; Owner: postgres
--

COPY public.school_app_teacher (id, name, email, phone, employee_id, login_id, password, is_class_teacher, extra_skills, is_absent, max_teaching_periods, class_teacher_of_id) FROM stdin;
1	Teacher 1	\N	123	\N	T00001	\N	f	\N	f	6	\N
2	Teacher 2	\N	121212	\N	T00002	\N	f	\N	f	6	\N
3	Teacher 1.2	\N	12121212	\N	T00003	\N	f	\N	f	6	\N
4	Teacher 3	\N	111	\N	T00004	\N	f	\N	f	6	\N
5	Teacher 1.3	\N	12111	\N	T00005	\N	f	\N	f	6	\N
6	Teacher 4	\N	111222	\N	T00006	\N	f	\N	f	6	\N
7	Teacher 1.4	\N	111111	\N	T00007	\N	f	\N	f	6	\N
8	Teacher 1.5	\N	1211111	\N	T00008	\N	f	\N	f	6	\N
9	Teacher 5	\N	1112211	\N	T00009	\N	f	\N	f	6	\N
10	Teacher 1.6	\N	121211111	\N	T00010	\N	f	\N	f	6	\N
11	Teacher 6	\N	5646456	\N	T00011	\N	f	\N	f	6	\N
16	teacher 7	\N	23424	\N	T00016	\N	f	\N	f	6	\N
\.


--
-- Data for Name: school_app_teacher_assigned_classes; Type: TABLE DATA; Schema: public; Owner: postgres
--

COPY public.school_app_teacher_assigned_classes (id, teacher_id, class_id) FROM stdin;
\.


--
-- Data for Name: school_app_teacher_subject_class_relation; Type: TABLE DATA; Schema: public; Owner: postgres
--

COPY public.school_app_teacher_subject_class_relation (id, is_priority_substitute, last_login, subject_id, teacher_id) FROM stdin;
1	f	\N	1	\N
2	f	\N	2	\N
3	f	\N	3	\N
4	f	\N	4	\N
5	f	\N	5	\N
6	f	\N	6	\N
7	f	\N	7	\N
8	f	\N	1	1
9	f	\N	1	2
10	f	\N	2	3
11	f	\N	2	4
12	f	\N	3	5
13	f	\N	3	6
14	f	\N	4	7
15	f	\N	5	8
16	f	\N	5	9
17	f	\N	6	10
18	f	\N	6	11
20	f	\N	7	16
\.


--
-- Data for Name: school_app_teacher_subject_class_relation_assigned_classes; Type: TABLE DATA; Schema: public; Owner: postgres
--

COPY public.school_app_teacher_subject_class_relation_assigned_classes (id, teacher_subject_class_relation_id, class_id) FROM stdin;
1	1	1
2	2	1
3	3	1
4	4	1
5	5	1
6	6	1
7	1	2
8	2	2
9	3	2
10	4	2
11	5	2
12	6	2
13	1	3
14	2	3
15	3	3
16	4	3
17	5	3
18	6	3
25	1	4
26	2	4
27	3	4
28	4	4
29	5	4
30	6	4
31	1	5
32	2	5
33	3	5
34	4	5
35	5	5
36	6	5
37	1	6
38	2	6
39	3	6
40	5	6
41	6	6
42	7	6
43	1	7
44	2	7
45	3	7
46	5	7
47	6	7
48	7	7
49	1	8
50	2	8
51	3	8
52	5	8
53	6	8
54	7	8
55	1	9
56	2	9
57	3	9
58	5	9
59	6	9
60	7	9
61	1	10
62	2	10
63	3	10
64	5	10
65	6	10
66	7	10
67	8	1
68	8	2
69	8	3
70	8	4
71	8	5
72	9	6
73	9	7
74	9	8
75	9	9
76	9	10
77	10	1
78	10	2
79	10	3
80	10	4
81	10	5
82	11	6
83	11	7
84	11	8
85	11	9
86	11	10
87	12	1
88	12	2
89	12	3
90	12	4
91	12	5
92	13	6
93	13	7
94	13	8
95	13	9
96	13	10
97	14	1
98	14	2
99	14	3
100	14	4
101	14	5
102	15	1
103	15	2
104	15	3
105	15	4
106	15	5
107	16	5
108	16	6
109	16	7
110	16	8
111	16	9
112	16	10
113	17	1
114	17	2
115	17	3
116	17	4
117	17	5
118	18	6
119	18	7
120	18	8
121	18	9
122	18	10
129	20	6
130	20	7
131	20	8
132	20	9
133	20	10
\.


--
-- Data for Name: school_app_teacher_subjects; Type: TABLE DATA; Schema: public; Owner: postgres
--

COPY public.school_app_teacher_subjects (id, teacher_id, subject_id) FROM stdin;
\.


--
-- Data for Name: school_app_teacherattendance; Type: TABLE DATA; Schema: public; Owner: postgres
--

COPY public.school_app_teacherattendance (id, date, status, reason, teacher_id) FROM stdin;
1	2025-05-26	absent		1
2	2025-05-26	present		2
3	2025-05-26	present		3
4	2025-05-26	absent		4
5	2025-05-26	present		5
6	2025-05-26	present		6
7	2025-05-26	absent		7
8	2025-05-26	present		8
9	2025-05-26	present		9
10	2025-05-26	leave		10
11	2025-05-26	present		11
12	2025-05-26	present		16
13	2025-05-27	absent		1
14	2025-05-27	absent		2
15	2025-05-27	present		3
16	2025-05-27	present		4
17	2025-05-27	present		5
18	2025-05-27	leave		6
19	2025-05-27	present		7
20	2025-05-27	present		8
21	2025-05-27	leave		9
22	2025-05-27	present		10
23	2025-05-27	present		11
24	2025-05-27	present		16
25	2025-05-28	leave		1
26	2025-05-28	present		2
27	2025-05-28	absent		3
28	2025-05-28	present		4
29	2025-05-28	leave		5
30	2025-05-28	present		6
31	2025-05-28	absent		7
32	2025-05-28	present		8
33	2025-05-28	present		9
34	2025-05-28	present		10
35	2025-05-28	present		11
36	2025-05-28	present		16
37	2025-05-29	absent		1
38	2025-05-29	absent		2
39	2025-05-29	leave		3
40	2025-05-29	leave		4
41	2025-05-29	present		5
42	2025-05-29	present		6
43	2025-05-29	present		7
44	2025-05-29	present		8
45	2025-05-29	present		9
46	2025-05-29	present		10
47	2025-05-29	present		11
48	2025-05-29	present		16
\.


--
-- Data for Name: school_app_timetable; Type: TABLE DATA; Schema: public; Owner: postgres
--

COPY public.school_app_timetable (id, day, date, period, start_time, end_time, is_break, class_obj_id, subject_id, teacher_id, teacher_subject_id) FROM stdin;
\.


--
-- Data for Name: school_app_transferredstudent; Type: TABLE DATA; Schema: public; Owner: postgres
--

COPY public.school_app_transferredstudent (id, name, parent_name, parent_email, parent_phone, transferred_on, marks_snapshot, student_class) FROM stdin;
3	Vaishali Sonune pennu	sonuene	\N	123123	2025-05-22 23:08:15.262067+05:30	[]	\N
4	Apar apar	12	\N	123121	2025-05-22 23:32:50.422087+05:30	"[]"	10th
\.


--
-- Data for Name: school_app_yearlyevent; Type: TABLE DATA; Schema: public; Owner: postgres
--

COPY public.school_app_yearlyevent (id, title, category, start_date, end_date) FROM stdin;
\.


--
-- Name: auth_group_id_seq; Type: SEQUENCE SET; Schema: public; Owner: postgres
--

SELECT pg_catalog.setval('public.auth_group_id_seq', 1, false);


--
-- Name: auth_group_permissions_id_seq; Type: SEQUENCE SET; Schema: public; Owner: postgres
--

SELECT pg_catalog.setval('public.auth_group_permissions_id_seq', 1, false);


--
-- Name: auth_permission_id_seq; Type: SEQUENCE SET; Schema: public; Owner: postgres
--

SELECT pg_catalog.setval('public.auth_permission_id_seq', 160, true);


--
-- Name: auth_user_groups_id_seq; Type: SEQUENCE SET; Schema: public; Owner: postgres
--

SELECT pg_catalog.setval('public.auth_user_groups_id_seq', 1, false);


--
-- Name: auth_user_id_seq; Type: SEQUENCE SET; Schema: public; Owner: postgres
--

SELECT pg_catalog.setval('public.auth_user_id_seq', 1, true);


--
-- Name: auth_user_user_permissions_id_seq; Type: SEQUENCE SET; Schema: public; Owner: postgres
--

SELECT pg_catalog.setval('public.auth_user_user_permissions_id_seq', 1, false);


--
-- Name: django_admin_log_id_seq; Type: SEQUENCE SET; Schema: public; Owner: postgres
--

SELECT pg_catalog.setval('public.django_admin_log_id_seq', 39, true);


--
-- Name: django_content_type_id_seq; Type: SEQUENCE SET; Schema: public; Owner: postgres
--

SELECT pg_catalog.setval('public.django_content_type_id_seq', 40, true);


--
-- Name: django_migrations_id_seq; Type: SEQUENCE SET; Schema: public; Owner: postgres
--

SELECT pg_catalog.setval('public.django_migrations_id_seq', 53, true);


--
-- Name: school_app_academicyear_id_seq; Type: SEQUENCE SET; Schema: public; Owner: postgres
--

SELECT pg_catalog.setval('public.school_app_academicyear_id_seq', 2, true);


--
-- Name: school_app_aitimetableentry_id_seq; Type: SEQUENCE SET; Schema: public; Owner: postgres
--

SELECT pg_catalog.setval('public.school_app_aitimetableentry_id_seq', 12248, true);


--
-- Name: school_app_aitimetablesettings_id_seq; Type: SEQUENCE SET; Schema: public; Owner: postgres
--

SELECT pg_catalog.setval('public.school_app_aitimetablesettings_id_seq', 2, true);


--
-- Name: school_app_breakperiod_id_seq; Type: SEQUENCE SET; Schema: public; Owner: postgres
--

SELECT pg_catalog.setval('public.school_app_breakperiod_id_seq', 1, false);


--
-- Name: school_app_class_id_seq; Type: SEQUENCE SET; Schema: public; Owner: postgres
--

SELECT pg_catalog.setval('public.school_app_class_id_seq', 10, true);


--
-- Name: school_app_classsubsubjectassignment_id_seq; Type: SEQUENCE SET; Schema: public; Owner: postgres
--

SELECT pg_catalog.setval('public.school_app_classsubsubjectassignment_id_seq', 1, false);


--
-- Name: school_app_dailytimetableentry_id_seq; Type: SEQUENCE SET; Schema: public; Owner: postgres
--

SELECT pg_catalog.setval('public.school_app_dailytimetableentry_id_seq', 2510, true);


--
-- Name: school_app_exam_id_seq; Type: SEQUENCE SET; Schema: public; Owner: postgres
--

SELECT pg_catalog.setval('public.school_app_exam_id_seq', 2, true);


--
-- Name: school_app_examschedule_id_seq; Type: SEQUENCE SET; Schema: public; Owner: postgres
--

SELECT pg_catalog.setval('public.school_app_examschedule_id_seq', 141, true);


--
-- Name: school_app_holiday_id_seq; Type: SEQUENCE SET; Schema: public; Owner: postgres
--

SELECT pg_catalog.setval('public.school_app_holiday_id_seq', 1, false);


--
-- Name: school_app_internalassessment_id_seq; Type: SEQUENCE SET; Schema: public; Owner: postgres
--

SELECT pg_catalog.setval('public.school_app_internalassessment_id_seq', 1, false);


--
-- Name: school_app_marks_id_seq; Type: SEQUENCE SET; Schema: public; Owner: postgres
--

SELECT pg_catalog.setval('public.school_app_marks_id_seq', 44, true);


--
-- Name: school_app_mediafile_id_seq; Type: SEQUENCE SET; Schema: public; Owner: postgres
--

SELECT pg_catalog.setval('public.school_app_mediafile_id_seq', 1, false);


--
-- Name: school_app_parent_id_seq; Type: SEQUENCE SET; Schema: public; Owner: postgres
--

SELECT pg_catalog.setval('public.school_app_parent_id_seq', 6, true);


--
-- Name: school_app_periodtiming_id_seq; Type: SEQUENCE SET; Schema: public; Owner: postgres
--

SELECT pg_catalog.setval('public.school_app_periodtiming_id_seq', 1, false);


--
-- Name: school_app_schoolday_id_seq; Type: SEQUENCE SET; Schema: public; Owner: postgres
--

SELECT pg_catalog.setval('public.school_app_schoolday_id_seq', 7, true);


--
-- Name: school_app_schoolprofile_id_seq; Type: SEQUENCE SET; Schema: public; Owner: postgres
--

SELECT pg_catalog.setval('public.school_app_schoolprofile_id_seq', 1, true);


--
-- Name: school_app_skillordevelopmentarea_id_seq; Type: SEQUENCE SET; Schema: public; Owner: postgres
--

SELECT pg_catalog.setval('public.school_app_skillordevelopmentarea_id_seq', 1, false);


--
-- Name: school_app_softskillperformance_id_seq; Type: SEQUENCE SET; Schema: public; Owner: postgres
--

SELECT pg_catalog.setval('public.school_app_softskillperformance_id_seq', 1, false);


--
-- Name: school_app_student_id_seq; Type: SEQUENCE SET; Schema: public; Owner: postgres
--

SELECT pg_catalog.setval('public.school_app_student_id_seq', 6, true);


--
-- Name: school_app_studentattendance_id_seq; Type: SEQUENCE SET; Schema: public; Owner: postgres
--

SELECT pg_catalog.setval('public.school_app_studentattendance_id_seq', 5, true);


--
-- Name: school_app_studentsubjectremark_id_seq; Type: SEQUENCE SET; Schema: public; Owner: postgres
--

SELECT pg_catalog.setval('public.school_app_studentsubjectremark_id_seq', 2, true);


--
-- Name: school_app_subject_id_seq; Type: SEQUENCE SET; Schema: public; Owner: postgres
--

SELECT pg_catalog.setval('public.school_app_subject_id_seq', 9, true);


--
-- Name: school_app_substituteassignment_id_seq; Type: SEQUENCE SET; Schema: public; Owner: postgres
--

SELECT pg_catalog.setval('public.school_app_substituteassignment_id_seq', 84, true);


--
-- Name: school_app_subsubject_id_seq; Type: SEQUENCE SET; Schema: public; Owner: postgres
--

SELECT pg_catalog.setval('public.school_app_subsubject_id_seq', 1, false);


--
-- Name: school_app_syllabusperformance_id_seq; Type: SEQUENCE SET; Schema: public; Owner: postgres
--

SELECT pg_catalog.setval('public.school_app_syllabusperformance_id_seq', 1, false);


--
-- Name: school_app_teacher_assigned_classes_id_seq; Type: SEQUENCE SET; Schema: public; Owner: postgres
--

SELECT pg_catalog.setval('public.school_app_teacher_assigned_classes_id_seq', 1, false);


--
-- Name: school_app_teacher_id_seq; Type: SEQUENCE SET; Schema: public; Owner: postgres
--

SELECT pg_catalog.setval('public.school_app_teacher_id_seq', 16, true);


--
-- Name: school_app_teacher_subject_class_relation_assigned_class_id_seq; Type: SEQUENCE SET; Schema: public; Owner: postgres
--

SELECT pg_catalog.setval('public.school_app_teacher_subject_class_relation_assigned_class_id_seq', 133, true);


--
-- Name: school_app_teacher_subject_class_relation_id_seq; Type: SEQUENCE SET; Schema: public; Owner: postgres
--

SELECT pg_catalog.setval('public.school_app_teacher_subject_class_relation_id_seq', 20, true);


--
-- Name: school_app_teacher_subjects_id_seq; Type: SEQUENCE SET; Schema: public; Owner: postgres
--

SELECT pg_catalog.setval('public.school_app_teacher_subjects_id_seq', 1, false);


--
-- Name: school_app_teacherattendance_id_seq; Type: SEQUENCE SET; Schema: public; Owner: postgres
--

SELECT pg_catalog.setval('public.school_app_teacherattendance_id_seq', 48, true);


--
-- Name: school_app_timetable_id_seq; Type: SEQUENCE SET; Schema: public; Owner: postgres
--

SELECT pg_catalog.setval('public.school_app_timetable_id_seq', 1, false);


--
-- Name: school_app_transferredstudent_id_seq; Type: SEQUENCE SET; Schema: public; Owner: postgres
--

SELECT pg_catalog.setval('public.school_app_transferredstudent_id_seq', 4, true);


--
-- Name: school_app_yearlyevent_id_seq; Type: SEQUENCE SET; Schema: public; Owner: postgres
--

SELECT pg_catalog.setval('public.school_app_yearlyevent_id_seq', 1, false);


--
-- Name: auth_group auth_group_name_key; Type: CONSTRAINT; Schema: public; Owner: postgres
--

ALTER TABLE ONLY public.auth_group
    ADD CONSTRAINT auth_group_name_key UNIQUE (name);


--
-- Name: auth_group_permissions auth_group_permissions_group_id_permission_id_0cd325b0_uniq; Type: CONSTRAINT; Schema: public; Owner: postgres
--

ALTER TABLE ONLY public.auth_group_permissions
    ADD CONSTRAINT auth_group_permissions_group_id_permission_id_0cd325b0_uniq UNIQUE (group_id, permission_id);


--
-- Name: auth_group_permissions auth_group_permissions_pkey; Type: CONSTRAINT; Schema: public; Owner: postgres
--

ALTER TABLE ONLY public.auth_group_permissions
    ADD CONSTRAINT auth_group_permissions_pkey PRIMARY KEY (id);


--
-- Name: auth_group auth_group_pkey; Type: CONSTRAINT; Schema: public; Owner: postgres
--

ALTER TABLE ONLY public.auth_group
    ADD CONSTRAINT auth_group_pkey PRIMARY KEY (id);


--
-- Name: auth_permission auth_permission_content_type_id_codename_01ab375a_uniq; Type: CONSTRAINT; Schema: public; Owner: postgres
--

ALTER TABLE ONLY public.auth_permission
    ADD CONSTRAINT auth_permission_content_type_id_codename_01ab375a_uniq UNIQUE (content_type_id, codename);


--
-- Name: auth_permission auth_permission_pkey; Type: CONSTRAINT; Schema: public; Owner: postgres
--

ALTER TABLE ONLY public.auth_permission
    ADD CONSTRAINT auth_permission_pkey PRIMARY KEY (id);


--
-- Name: auth_user_groups auth_user_groups_pkey; Type: CONSTRAINT; Schema: public; Owner: postgres
--

ALTER TABLE ONLY public.auth_user_groups
    ADD CONSTRAINT auth_user_groups_pkey PRIMARY KEY (id);


--
-- Name: auth_user_groups auth_user_groups_user_id_group_id_94350c0c_uniq; Type: CONSTRAINT; Schema: public; Owner: postgres
--

ALTER TABLE ONLY public.auth_user_groups
    ADD CONSTRAINT auth_user_groups_user_id_group_id_94350c0c_uniq UNIQUE (user_id, group_id);


--
-- Name: auth_user auth_user_pkey; Type: CONSTRAINT; Schema: public; Owner: postgres
--

ALTER TABLE ONLY public.auth_user
    ADD CONSTRAINT auth_user_pkey PRIMARY KEY (id);


--
-- Name: auth_user_user_permissions auth_user_user_permissions_pkey; Type: CONSTRAINT; Schema: public; Owner: postgres
--

ALTER TABLE ONLY public.auth_user_user_permissions
    ADD CONSTRAINT auth_user_user_permissions_pkey PRIMARY KEY (id);


--
-- Name: auth_user_user_permissions auth_user_user_permissions_user_id_permission_id_14a6b632_uniq; Type: CONSTRAINT; Schema: public; Owner: postgres
--

ALTER TABLE ONLY public.auth_user_user_permissions
    ADD CONSTRAINT auth_user_user_permissions_user_id_permission_id_14a6b632_uniq UNIQUE (user_id, permission_id);


--
-- Name: auth_user auth_user_username_key; Type: CONSTRAINT; Schema: public; Owner: postgres
--

ALTER TABLE ONLY public.auth_user
    ADD CONSTRAINT auth_user_username_key UNIQUE (username);


--
-- Name: django_admin_log django_admin_log_pkey; Type: CONSTRAINT; Schema: public; Owner: postgres
--

ALTER TABLE ONLY public.django_admin_log
    ADD CONSTRAINT django_admin_log_pkey PRIMARY KEY (id);


--
-- Name: django_content_type django_content_type_app_label_model_76bd3d3b_uniq; Type: CONSTRAINT; Schema: public; Owner: postgres
--

ALTER TABLE ONLY public.django_content_type
    ADD CONSTRAINT django_content_type_app_label_model_76bd3d3b_uniq UNIQUE (app_label, model);


--
-- Name: django_content_type django_content_type_pkey; Type: CONSTRAINT; Schema: public; Owner: postgres
--

ALTER TABLE ONLY public.django_content_type
    ADD CONSTRAINT django_content_type_pkey PRIMARY KEY (id);


--
-- Name: django_migrations django_migrations_pkey; Type: CONSTRAINT; Schema: public; Owner: postgres
--

ALTER TABLE ONLY public.django_migrations
    ADD CONSTRAINT django_migrations_pkey PRIMARY KEY (id);


--
-- Name: django_session django_session_pkey; Type: CONSTRAINT; Schema: public; Owner: postgres
--

ALTER TABLE ONLY public.django_session
    ADD CONSTRAINT django_session_pkey PRIMARY KEY (session_key);


--
-- Name: school_app_academicyear school_app_academicyear_pkey; Type: CONSTRAINT; Schema: public; Owner: postgres
--

ALTER TABLE ONLY public.school_app_academicyear
    ADD CONSTRAINT school_app_academicyear_pkey PRIMARY KEY (id);


--
-- Name: school_app_aitimetableentry school_app_aitimetableen_class_assigned_id_school_47e0f0bb_uniq; Type: CONSTRAINT; Schema: public; Owner: postgres
--

ALTER TABLE ONLY public.school_app_aitimetableentry
    ADD CONSTRAINT school_app_aitimetableen_class_assigned_id_school_47e0f0bb_uniq UNIQUE (class_assigned_id, school_day_id, period_number);


--
-- Name: school_app_aitimetableentry school_app_aitimetableentry_pkey; Type: CONSTRAINT; Schema: public; Owner: postgres
--

ALTER TABLE ONLY public.school_app_aitimetableentry
    ADD CONSTRAINT school_app_aitimetableentry_pkey PRIMARY KEY (id);


--
-- Name: school_app_aitimetablesettings school_app_aitimetablesettings_pkey; Type: CONSTRAINT; Schema: public; Owner: postgres
--

ALTER TABLE ONLY public.school_app_aitimetablesettings
    ADD CONSTRAINT school_app_aitimetablesettings_pkey PRIMARY KEY (id);


--
-- Name: school_app_breakperiod school_app_breakperiod_pkey; Type: CONSTRAINT; Schema: public; Owner: postgres
--

ALTER TABLE ONLY public.school_app_breakperiod
    ADD CONSTRAINT school_app_breakperiod_pkey PRIMARY KEY (id);


--
-- Name: school_app_class school_app_class_name_key; Type: CONSTRAINT; Schema: public; Owner: postgres
--

ALTER TABLE ONLY public.school_app_class
    ADD CONSTRAINT school_app_class_name_key UNIQUE (name);


--
-- Name: school_app_class school_app_class_pkey; Type: CONSTRAINT; Schema: public; Owner: postgres
--

ALTER TABLE ONLY public.school_app_class
    ADD CONSTRAINT school_app_class_pkey PRIMARY KEY (id);


--
-- Name: school_app_classsubsubjectassignment school_app_classsubsubje_school_class_id_subject__84889e3f_uniq; Type: CONSTRAINT; Schema: public; Owner: postgres
--

ALTER TABLE ONLY public.school_app_classsubsubjectassignment
    ADD CONSTRAINT school_app_classsubsubje_school_class_id_subject__84889e3f_uniq UNIQUE (school_class_id, subject_id, subsubject_id);


--
-- Name: school_app_classsubsubjectassignment school_app_classsubsubjectassignment_pkey; Type: CONSTRAINT; Schema: public; Owner: postgres
--

ALTER TABLE ONLY public.school_app_classsubsubjectassignment
    ADD CONSTRAINT school_app_classsubsubjectassignment_pkey PRIMARY KEY (id);


--
-- Name: school_app_dailytimetableentry school_app_dailytimetabl_date_classroom_id_period_a1253314_uniq; Type: CONSTRAINT; Schema: public; Owner: postgres
--

ALTER TABLE ONLY public.school_app_dailytimetableentry
    ADD CONSTRAINT school_app_dailytimetabl_date_classroom_id_period_a1253314_uniq UNIQUE (date, classroom_id, period_number);


--
-- Name: school_app_dailytimetableentry school_app_dailytimetableentry_pkey; Type: CONSTRAINT; Schema: public; Owner: postgres
--

ALTER TABLE ONLY public.school_app_dailytimetableentry
    ADD CONSTRAINT school_app_dailytimetableentry_pkey PRIMARY KEY (id);


--
-- Name: school_app_exam school_app_exam_name_key; Type: CONSTRAINT; Schema: public; Owner: postgres
--

ALTER TABLE ONLY public.school_app_exam
    ADD CONSTRAINT school_app_exam_name_key UNIQUE (name);


--
-- Name: school_app_exam school_app_exam_pkey; Type: CONSTRAINT; Schema: public; Owner: postgres
--

ALTER TABLE ONLY public.school_app_exam
    ADD CONSTRAINT school_app_exam_pkey PRIMARY KEY (id);


--
-- Name: school_app_examschedule school_app_examschedule_exam_id_school_class_id__a0a63ca1_uniq; Type: CONSTRAINT; Schema: public; Owner: postgres
--

ALTER TABLE ONLY public.school_app_examschedule
    ADD CONSTRAINT school_app_examschedule_exam_id_school_class_id__a0a63ca1_uniq UNIQUE (exam_id, school_class_id, subject_id);


--
-- Name: school_app_examschedule school_app_examschedule_pkey; Type: CONSTRAINT; Schema: public; Owner: postgres
--

ALTER TABLE ONLY public.school_app_examschedule
    ADD CONSTRAINT school_app_examschedule_pkey PRIMARY KEY (id);


--
-- Name: school_app_holiday school_app_holiday_academic_year_id_date_65d0d8ad_uniq; Type: CONSTRAINT; Schema: public; Owner: postgres
--

ALTER TABLE ONLY public.school_app_holiday
    ADD CONSTRAINT school_app_holiday_academic_year_id_date_65d0d8ad_uniq UNIQUE (academic_year_id, date);


--
-- Name: school_app_holiday school_app_holiday_pkey; Type: CONSTRAINT; Schema: public; Owner: postgres
--

ALTER TABLE ONLY public.school_app_holiday
    ADD CONSTRAINT school_app_holiday_pkey PRIMARY KEY (id);


--
-- Name: school_app_internalassessment school_app_internalasses_student_id_school_class__3550514d_uniq; Type: CONSTRAINT; Schema: public; Owner: postgres
--

ALTER TABLE ONLY public.school_app_internalassessment
    ADD CONSTRAINT school_app_internalasses_student_id_school_class__3550514d_uniq UNIQUE (student_id, school_class_id, exam_id, subject_id, subsubject_id);


--
-- Name: school_app_internalassessment school_app_internalassessment_pkey; Type: CONSTRAINT; Schema: public; Owner: postgres
--

ALTER TABLE ONLY public.school_app_internalassessment
    ADD CONSTRAINT school_app_internalassessment_pkey PRIMARY KEY (id);


--
-- Name: school_app_marks school_app_marks_pkey; Type: CONSTRAINT; Schema: public; Owner: postgres
--

ALTER TABLE ONLY public.school_app_marks
    ADD CONSTRAINT school_app_marks_pkey PRIMARY KEY (id);


--
-- Name: school_app_marks school_app_marks_student_id_exam_id_subject_id_819a1e14_uniq; Type: CONSTRAINT; Schema: public; Owner: postgres
--

ALTER TABLE ONLY public.school_app_marks
    ADD CONSTRAINT school_app_marks_student_id_exam_id_subject_id_819a1e14_uniq UNIQUE (student_id, exam_id, subject_id);


--
-- Name: school_app_mediafile school_app_mediafile_pkey; Type: CONSTRAINT; Schema: public; Owner: postgres
--

ALTER TABLE ONLY public.school_app_mediafile
    ADD CONSTRAINT school_app_mediafile_pkey PRIMARY KEY (id);


--
-- Name: school_app_parent school_app_parent_aadhar_key; Type: CONSTRAINT; Schema: public; Owner: postgres
--

ALTER TABLE ONLY public.school_app_parent
    ADD CONSTRAINT school_app_parent_aadhar_key UNIQUE (aadhar);


--
-- Name: school_app_parent school_app_parent_email_key; Type: CONSTRAINT; Schema: public; Owner: postgres
--

ALTER TABLE ONLY public.school_app_parent
    ADD CONSTRAINT school_app_parent_email_key UNIQUE (email);


--
-- Name: school_app_parent school_app_parent_pkey; Type: CONSTRAINT; Schema: public; Owner: postgres
--

ALTER TABLE ONLY public.school_app_parent
    ADD CONSTRAINT school_app_parent_pkey PRIMARY KEY (id);


--
-- Name: school_app_parent school_app_parent_username_key; Type: CONSTRAINT; Schema: public; Owner: postgres
--

ALTER TABLE ONLY public.school_app_parent
    ADD CONSTRAINT school_app_parent_username_key UNIQUE (username);


--
-- Name: school_app_periodtiming school_app_periodtiming_period_key; Type: CONSTRAINT; Schema: public; Owner: postgres
--

ALTER TABLE ONLY public.school_app_periodtiming
    ADD CONSTRAINT school_app_periodtiming_period_key UNIQUE (period);


--
-- Name: school_app_periodtiming school_app_periodtiming_pkey; Type: CONSTRAINT; Schema: public; Owner: postgres
--

ALTER TABLE ONLY public.school_app_periodtiming
    ADD CONSTRAINT school_app_periodtiming_pkey PRIMARY KEY (id);


--
-- Name: school_app_schoolday school_app_schoolday_day_name_key; Type: CONSTRAINT; Schema: public; Owner: postgres
--

ALTER TABLE ONLY public.school_app_schoolday
    ADD CONSTRAINT school_app_schoolday_day_name_key UNIQUE (day_name);


--
-- Name: school_app_schoolday school_app_schoolday_pkey; Type: CONSTRAINT; Schema: public; Owner: postgres
--

ALTER TABLE ONLY public.school_app_schoolday
    ADD CONSTRAINT school_app_schoolday_pkey PRIMARY KEY (id);


--
-- Name: school_app_schoolprofile school_app_schoolprofile_pkey; Type: CONSTRAINT; Schema: public; Owner: postgres
--

ALTER TABLE ONLY public.school_app_schoolprofile
    ADD CONSTRAINT school_app_schoolprofile_pkey PRIMARY KEY (id);


--
-- Name: school_app_skillordevelopmentarea school_app_skillordevelo_student_id_school_class__58fd3f64_uniq; Type: CONSTRAINT; Schema: public; Owner: postgres
--

ALTER TABLE ONLY public.school_app_skillordevelopmentarea
    ADD CONSTRAINT school_app_skillordevelo_student_id_school_class__58fd3f64_uniq UNIQUE (student_id, school_class_id, subject_id, assessment_date);


--
-- Name: school_app_skillordevelopmentarea school_app_skillordevelopmentarea_pkey; Type: CONSTRAINT; Schema: public; Owner: postgres
--

ALTER TABLE ONLY public.school_app_skillordevelopmentarea
    ADD CONSTRAINT school_app_skillordevelopmentarea_pkey PRIMARY KEY (id);


--
-- Name: school_app_softskillperformance school_app_softskillperformance_pkey; Type: CONSTRAINT; Schema: public; Owner: postgres
--

ALTER TABLE ONLY public.school_app_softskillperformance
    ADD CONSTRAINT school_app_softskillperformance_pkey PRIMARY KEY (id);


--
-- Name: school_app_student school_app_student_aadhar_key; Type: CONSTRAINT; Schema: public; Owner: postgres
--

ALTER TABLE ONLY public.school_app_student
    ADD CONSTRAINT school_app_student_aadhar_key UNIQUE (aadhar);


--
-- Name: school_app_student school_app_student_assigned_class_id_roll_number_1913011f_uniq; Type: CONSTRAINT; Schema: public; Owner: postgres
--

ALTER TABLE ONLY public.school_app_student
    ADD CONSTRAINT school_app_student_assigned_class_id_roll_number_1913011f_uniq UNIQUE (assigned_class_id, roll_number);


--
-- Name: school_app_student school_app_student_email_key; Type: CONSTRAINT; Schema: public; Owner: postgres
--

ALTER TABLE ONLY public.school_app_student
    ADD CONSTRAINT school_app_student_email_key UNIQUE (email);


--
-- Name: school_app_student school_app_student_pen_key; Type: CONSTRAINT; Schema: public; Owner: postgres
--

ALTER TABLE ONLY public.school_app_student
    ADD CONSTRAINT school_app_student_pen_key UNIQUE (pen);


--
-- Name: school_app_student school_app_student_pkey; Type: CONSTRAINT; Schema: public; Owner: postgres
--

ALTER TABLE ONLY public.school_app_student
    ADD CONSTRAINT school_app_student_pkey PRIMARY KEY (id);


--
-- Name: school_app_student school_app_student_roll_number_key; Type: CONSTRAINT; Schema: public; Owner: postgres
--

ALTER TABLE ONLY public.school_app_student
    ADD CONSTRAINT school_app_student_roll_number_key UNIQUE (roll_number);


--
-- Name: school_app_studentattendance school_app_studentattendance_pkey; Type: CONSTRAINT; Schema: public; Owner: postgres
--

ALTER TABLE ONLY public.school_app_studentattendance
    ADD CONSTRAINT school_app_studentattendance_pkey PRIMARY KEY (id);


--
-- Name: school_app_studentattendance school_app_studentattendance_student_id_date_d688d95c_uniq; Type: CONSTRAINT; Schema: public; Owner: postgres
--

ALTER TABLE ONLY public.school_app_studentattendance
    ADD CONSTRAINT school_app_studentattendance_student_id_date_d688d95c_uniq UNIQUE (student_id, date);


--
-- Name: school_app_studentsubjectremark school_app_studentsubjectremark_pkey; Type: CONSTRAINT; Schema: public; Owner: postgres
--

ALTER TABLE ONLY public.school_app_studentsubjectremark
    ADD CONSTRAINT school_app_studentsubjectremark_pkey PRIMARY KEY (id);


--
-- Name: school_app_subject school_app_subject_name_key; Type: CONSTRAINT; Schema: public; Owner: postgres
--

ALTER TABLE ONLY public.school_app_subject
    ADD CONSTRAINT school_app_subject_name_key UNIQUE (name);


--
-- Name: school_app_subject school_app_subject_pkey; Type: CONSTRAINT; Schema: public; Owner: postgres
--

ALTER TABLE ONLY public.school_app_subject
    ADD CONSTRAINT school_app_subject_pkey PRIMARY KEY (id);


--
-- Name: school_app_substituteassignment school_app_substituteassignment_pkey; Type: CONSTRAINT; Schema: public; Owner: postgres
--

ALTER TABLE ONLY public.school_app_substituteassignment
    ADD CONSTRAINT school_app_substituteassignment_pkey PRIMARY KEY (id);


--
-- Name: school_app_subsubject school_app_subsubject_pkey; Type: CONSTRAINT; Schema: public; Owner: postgres
--

ALTER TABLE ONLY public.school_app_subsubject
    ADD CONSTRAINT school_app_subsubject_pkey PRIMARY KEY (id);


--
-- Name: school_app_syllabusperformance school_app_syllabusperformance_pkey; Type: CONSTRAINT; Schema: public; Owner: postgres
--

ALTER TABLE ONLY public.school_app_syllabusperformance
    ADD CONSTRAINT school_app_syllabusperformance_pkey PRIMARY KEY (id);


--
-- Name: school_app_teacher_assigned_classes school_app_teacher_assig_teacher_id_class_id_8992f08e_uniq; Type: CONSTRAINT; Schema: public; Owner: postgres
--

ALTER TABLE ONLY public.school_app_teacher_assigned_classes
    ADD CONSTRAINT school_app_teacher_assig_teacher_id_class_id_8992f08e_uniq UNIQUE (teacher_id, class_id);


--
-- Name: school_app_teacher_assigned_classes school_app_teacher_assigned_classes_pkey; Type: CONSTRAINT; Schema: public; Owner: postgres
--

ALTER TABLE ONLY public.school_app_teacher_assigned_classes
    ADD CONSTRAINT school_app_teacher_assigned_classes_pkey PRIMARY KEY (id);


--
-- Name: school_app_teacher school_app_teacher_employee_id_key; Type: CONSTRAINT; Schema: public; Owner: postgres
--

ALTER TABLE ONLY public.school_app_teacher
    ADD CONSTRAINT school_app_teacher_employee_id_key UNIQUE (employee_id);


--
-- Name: school_app_teacher school_app_teacher_login_id_key; Type: CONSTRAINT; Schema: public; Owner: postgres
--

ALTER TABLE ONLY public.school_app_teacher
    ADD CONSTRAINT school_app_teacher_login_id_key UNIQUE (login_id);


--
-- Name: school_app_teacher school_app_teacher_phone_key; Type: CONSTRAINT; Schema: public; Owner: postgres
--

ALTER TABLE ONLY public.school_app_teacher
    ADD CONSTRAINT school_app_teacher_phone_key UNIQUE (phone);


--
-- Name: school_app_teacher school_app_teacher_pkey; Type: CONSTRAINT; Schema: public; Owner: postgres
--

ALTER TABLE ONLY public.school_app_teacher
    ADD CONSTRAINT school_app_teacher_pkey PRIMARY KEY (id);


--
-- Name: school_app_teacher_subject_class_relation_assigned_classes school_app_teacher_subje_teacher_subject_class_re_9f150cff_uniq; Type: CONSTRAINT; Schema: public; Owner: postgres
--

ALTER TABLE ONLY public.school_app_teacher_subject_class_relation_assigned_classes
    ADD CONSTRAINT school_app_teacher_subje_teacher_subject_class_re_9f150cff_uniq UNIQUE (teacher_subject_class_relation_id, class_id);


--
-- Name: school_app_teacher_subject_class_relation_assigned_classes school_app_teacher_subject_class_relation_assigned_classes_pkey; Type: CONSTRAINT; Schema: public; Owner: postgres
--

ALTER TABLE ONLY public.school_app_teacher_subject_class_relation_assigned_classes
    ADD CONSTRAINT school_app_teacher_subject_class_relation_assigned_classes_pkey PRIMARY KEY (id);


--
-- Name: school_app_teacher_subject_class_relation school_app_teacher_subject_class_relation_pkey; Type: CONSTRAINT; Schema: public; Owner: postgres
--

ALTER TABLE ONLY public.school_app_teacher_subject_class_relation
    ADD CONSTRAINT school_app_teacher_subject_class_relation_pkey PRIMARY KEY (id);


--
-- Name: school_app_teacher_subjects school_app_teacher_subjects_pkey; Type: CONSTRAINT; Schema: public; Owner: postgres
--

ALTER TABLE ONLY public.school_app_teacher_subjects
    ADD CONSTRAINT school_app_teacher_subjects_pkey PRIMARY KEY (id);


--
-- Name: school_app_teacher_subjects school_app_teacher_subjects_teacher_id_subject_id_74881e6a_uniq; Type: CONSTRAINT; Schema: public; Owner: postgres
--

ALTER TABLE ONLY public.school_app_teacher_subjects
    ADD CONSTRAINT school_app_teacher_subjects_teacher_id_subject_id_74881e6a_uniq UNIQUE (teacher_id, subject_id);


--
-- Name: school_app_teacherattendance school_app_teacherattendance_pkey; Type: CONSTRAINT; Schema: public; Owner: postgres
--

ALTER TABLE ONLY public.school_app_teacherattendance
    ADD CONSTRAINT school_app_teacherattendance_pkey PRIMARY KEY (id);


--
-- Name: school_app_teacherattendance school_app_teacherattendance_teacher_id_date_a2e0ee42_uniq; Type: CONSTRAINT; Schema: public; Owner: postgres
--

ALTER TABLE ONLY public.school_app_teacherattendance
    ADD CONSTRAINT school_app_teacherattendance_teacher_id_date_a2e0ee42_uniq UNIQUE (teacher_id, date);


--
-- Name: school_app_timetable school_app_timetable_pkey; Type: CONSTRAINT; Schema: public; Owner: postgres
--

ALTER TABLE ONLY public.school_app_timetable
    ADD CONSTRAINT school_app_timetable_pkey PRIMARY KEY (id);


--
-- Name: school_app_transferredstudent school_app_transferredstudent_pkey; Type: CONSTRAINT; Schema: public; Owner: postgres
--

ALTER TABLE ONLY public.school_app_transferredstudent
    ADD CONSTRAINT school_app_transferredstudent_pkey PRIMARY KEY (id);


--
-- Name: school_app_yearlyevent school_app_yearlyevent_pkey; Type: CONSTRAINT; Schema: public; Owner: postgres
--

ALTER TABLE ONLY public.school_app_yearlyevent
    ADD CONSTRAINT school_app_yearlyevent_pkey PRIMARY KEY (id);


--
-- Name: auth_group_name_a6ea08ec_like; Type: INDEX; Schema: public; Owner: postgres
--

CREATE INDEX auth_group_name_a6ea08ec_like ON public.auth_group USING btree (name varchar_pattern_ops);


--
-- Name: auth_group_permissions_group_id_b120cbf9; Type: INDEX; Schema: public; Owner: postgres
--

CREATE INDEX auth_group_permissions_group_id_b120cbf9 ON public.auth_group_permissions USING btree (group_id);


--
-- Name: auth_group_permissions_permission_id_84c5c92e; Type: INDEX; Schema: public; Owner: postgres
--

CREATE INDEX auth_group_permissions_permission_id_84c5c92e ON public.auth_group_permissions USING btree (permission_id);


--
-- Name: auth_permission_content_type_id_2f476e4b; Type: INDEX; Schema: public; Owner: postgres
--

CREATE INDEX auth_permission_content_type_id_2f476e4b ON public.auth_permission USING btree (content_type_id);


--
-- Name: auth_user_groups_group_id_97559544; Type: INDEX; Schema: public; Owner: postgres
--

CREATE INDEX auth_user_groups_group_id_97559544 ON public.auth_user_groups USING btree (group_id);


--
-- Name: auth_user_groups_user_id_6a12ed8b; Type: INDEX; Schema: public; Owner: postgres
--

CREATE INDEX auth_user_groups_user_id_6a12ed8b ON public.auth_user_groups USING btree (user_id);


--
-- Name: auth_user_user_permissions_permission_id_1fbb5f2c; Type: INDEX; Schema: public; Owner: postgres
--

CREATE INDEX auth_user_user_permissions_permission_id_1fbb5f2c ON public.auth_user_user_permissions USING btree (permission_id);


--
-- Name: auth_user_user_permissions_user_id_a95ead1b; Type: INDEX; Schema: public; Owner: postgres
--

CREATE INDEX auth_user_user_permissions_user_id_a95ead1b ON public.auth_user_user_permissions USING btree (user_id);


--
-- Name: auth_user_username_6821ab7c_like; Type: INDEX; Schema: public; Owner: postgres
--

CREATE INDEX auth_user_username_6821ab7c_like ON public.auth_user USING btree (username varchar_pattern_ops);


--
-- Name: django_admin_log_content_type_id_c4bce8eb; Type: INDEX; Schema: public; Owner: postgres
--

CREATE INDEX django_admin_log_content_type_id_c4bce8eb ON public.django_admin_log USING btree (content_type_id);


--
-- Name: django_admin_log_user_id_c564eba6; Type: INDEX; Schema: public; Owner: postgres
--

CREATE INDEX django_admin_log_user_id_c564eba6 ON public.django_admin_log USING btree (user_id);


--
-- Name: django_session_expire_date_a5c62663; Type: INDEX; Schema: public; Owner: postgres
--

CREATE INDEX django_session_expire_date_a5c62663 ON public.django_session USING btree (expire_date);


--
-- Name: django_session_session_key_c0390e0f_like; Type: INDEX; Schema: public; Owner: postgres
--

CREATE INDEX django_session_session_key_c0390e0f_like ON public.django_session USING btree (session_key varchar_pattern_ops);


--
-- Name: school_app_aitimetableentry_class_assigned_id_c2f43f92; Type: INDEX; Schema: public; Owner: postgres
--

CREATE INDEX school_app_aitimetableentry_class_assigned_id_c2f43f92 ON public.school_app_aitimetableentry USING btree (class_assigned_id);


--
-- Name: school_app_aitimetableentry_school_day_id_07887da9; Type: INDEX; Schema: public; Owner: postgres
--

CREATE INDEX school_app_aitimetableentry_school_day_id_07887da9 ON public.school_app_aitimetableentry USING btree (school_day_id);


--
-- Name: school_app_aitimetableentry_subject_id_4f63ba81; Type: INDEX; Schema: public; Owner: postgres
--

CREATE INDEX school_app_aitimetableentry_subject_id_4f63ba81 ON public.school_app_aitimetableentry USING btree (subject_id);


--
-- Name: school_app_aitimetableentry_teacher_id_e3a0668a; Type: INDEX; Schema: public; Owner: postgres
--

CREATE INDEX school_app_aitimetableentry_teacher_id_e3a0668a ON public.school_app_aitimetableentry USING btree (teacher_id);


--
-- Name: school_app_class_academic_year_id_76658ecd; Type: INDEX; Schema: public; Owner: postgres
--

CREATE INDEX school_app_class_academic_year_id_76658ecd ON public.school_app_class USING btree (academic_year_id);


--
-- Name: school_app_class_class_teacher_id_314d34ce; Type: INDEX; Schema: public; Owner: postgres
--

CREATE INDEX school_app_class_class_teacher_id_314d34ce ON public.school_app_class USING btree (class_teacher_id);


--
-- Name: school_app_class_name_7714d565_like; Type: INDEX; Schema: public; Owner: postgres
--

CREATE INDEX school_app_class_name_7714d565_like ON public.school_app_class USING btree (name varchar_pattern_ops);


--
-- Name: school_app_classsubsubjectassignment_school_class_id_6c38bb6e; Type: INDEX; Schema: public; Owner: postgres
--

CREATE INDEX school_app_classsubsubjectassignment_school_class_id_6c38bb6e ON public.school_app_classsubsubjectassignment USING btree (school_class_id);


--
-- Name: school_app_classsubsubjectassignment_subject_id_e0772590; Type: INDEX; Schema: public; Owner: postgres
--

CREATE INDEX school_app_classsubsubjectassignment_subject_id_e0772590 ON public.school_app_classsubsubjectassignment USING btree (subject_id);


--
-- Name: school_app_classsubsubjectassignment_subsubject_id_81af44c0; Type: INDEX; Schema: public; Owner: postgres
--

CREATE INDEX school_app_classsubsubjectassignment_subsubject_id_81af44c0 ON public.school_app_classsubsubjectassignment USING btree (subsubject_id);


--
-- Name: school_app_dailytimetableentry_classroom_id_dc3a70c0; Type: INDEX; Schema: public; Owner: postgres
--

CREATE INDEX school_app_dailytimetableentry_classroom_id_dc3a70c0 ON public.school_app_dailytimetableentry USING btree (classroom_id);


--
-- Name: school_app_dailytimetableentry_subject_id_393dbc70; Type: INDEX; Schema: public; Owner: postgres
--

CREATE INDEX school_app_dailytimetableentry_subject_id_393dbc70 ON public.school_app_dailytimetableentry USING btree (subject_id);


--
-- Name: school_app_dailytimetableentry_teacher_id_ca56a531; Type: INDEX; Schema: public; Owner: postgres
--

CREATE INDEX school_app_dailytimetableentry_teacher_id_ca56a531 ON public.school_app_dailytimetableentry USING btree (teacher_id);


--
-- Name: school_app_exam_name_f33538b6_like; Type: INDEX; Schema: public; Owner: postgres
--

CREATE INDEX school_app_exam_name_f33538b6_like ON public.school_app_exam USING btree (name varchar_pattern_ops);


--
-- Name: school_app_examschedule_exam_id_b753c01e; Type: INDEX; Schema: public; Owner: postgres
--

CREATE INDEX school_app_examschedule_exam_id_b753c01e ON public.school_app_examschedule USING btree (exam_id);


--
-- Name: school_app_examschedule_school_class_id_303cf043; Type: INDEX; Schema: public; Owner: postgres
--

CREATE INDEX school_app_examschedule_school_class_id_303cf043 ON public.school_app_examschedule USING btree (school_class_id);


--
-- Name: school_app_examschedule_subject_id_4438eef0; Type: INDEX; Schema: public; Owner: postgres
--

CREATE INDEX school_app_examschedule_subject_id_4438eef0 ON public.school_app_examschedule USING btree (subject_id);


--
-- Name: school_app_holiday_academic_year_id_34e65b4f; Type: INDEX; Schema: public; Owner: postgres
--

CREATE INDEX school_app_holiday_academic_year_id_34e65b4f ON public.school_app_holiday USING btree (academic_year_id);


--
-- Name: school_app_internalassessment_exam_id_a6784cd3; Type: INDEX; Schema: public; Owner: postgres
--

CREATE INDEX school_app_internalassessment_exam_id_a6784cd3 ON public.school_app_internalassessment USING btree (exam_id);


--
-- Name: school_app_internalassessment_school_class_id_ac970f7d; Type: INDEX; Schema: public; Owner: postgres
--

CREATE INDEX school_app_internalassessment_school_class_id_ac970f7d ON public.school_app_internalassessment USING btree (school_class_id);


--
-- Name: school_app_internalassessment_student_id_ae07a2f6; Type: INDEX; Schema: public; Owner: postgres
--

CREATE INDEX school_app_internalassessment_student_id_ae07a2f6 ON public.school_app_internalassessment USING btree (student_id);


--
-- Name: school_app_internalassessment_subject_id_937a9b91; Type: INDEX; Schema: public; Owner: postgres
--

CREATE INDEX school_app_internalassessment_subject_id_937a9b91 ON public.school_app_internalassessment USING btree (subject_id);


--
-- Name: school_app_internalassessment_subsubject_id_43423fa9; Type: INDEX; Schema: public; Owner: postgres
--

CREATE INDEX school_app_internalassessment_subsubject_id_43423fa9 ON public.school_app_internalassessment USING btree (subsubject_id);


--
-- Name: school_app_marks_exam_id_18de70e2; Type: INDEX; Schema: public; Owner: postgres
--

CREATE INDEX school_app_marks_exam_id_18de70e2 ON public.school_app_marks USING btree (exam_id);


--
-- Name: school_app_marks_student_id_b1537312; Type: INDEX; Schema: public; Owner: postgres
--

CREATE INDEX school_app_marks_student_id_b1537312 ON public.school_app_marks USING btree (student_id);


--
-- Name: school_app_marks_subject_id_1680dec7; Type: INDEX; Schema: public; Owner: postgres
--

CREATE INDEX school_app_marks_subject_id_1680dec7 ON public.school_app_marks USING btree (subject_id);


--
-- Name: school_app_parent_aadhar_35ae3096_like; Type: INDEX; Schema: public; Owner: postgres
--

CREATE INDEX school_app_parent_aadhar_35ae3096_like ON public.school_app_parent USING btree (aadhar varchar_pattern_ops);


--
-- Name: school_app_parent_email_d09a6f2a_like; Type: INDEX; Schema: public; Owner: postgres
--

CREATE INDEX school_app_parent_email_d09a6f2a_like ON public.school_app_parent USING btree (email varchar_pattern_ops);


--
-- Name: school_app_parent_username_7412fae5_like; Type: INDEX; Schema: public; Owner: postgres
--

CREATE INDEX school_app_parent_username_7412fae5_like ON public.school_app_parent USING btree (username varchar_pattern_ops);


--
-- Name: school_app_schoolday_day_name_31df643b_like; Type: INDEX; Schema: public; Owner: postgres
--

CREATE INDEX school_app_schoolday_day_name_31df643b_like ON public.school_app_schoolday USING btree (day_name varchar_pattern_ops);


--
-- Name: school_app_skillordevelopmentarea_school_class_id_c17031d3; Type: INDEX; Schema: public; Owner: postgres
--

CREATE INDEX school_app_skillordevelopmentarea_school_class_id_c17031d3 ON public.school_app_skillordevelopmentarea USING btree (school_class_id);


--
-- Name: school_app_skillordevelopmentarea_student_id_8af5a307; Type: INDEX; Schema: public; Owner: postgres
--

CREATE INDEX school_app_skillordevelopmentarea_student_id_8af5a307 ON public.school_app_skillordevelopmentarea USING btree (student_id);


--
-- Name: school_app_skillordevelopmentarea_subject_id_31495f1c; Type: INDEX; Schema: public; Owner: postgres
--

CREATE INDEX school_app_skillordevelopmentarea_subject_id_31495f1c ON public.school_app_skillordevelopmentarea USING btree (subject_id);


--
-- Name: school_app_student_aadhar_7b59c50d_like; Type: INDEX; Schema: public; Owner: postgres
--

CREATE INDEX school_app_student_aadhar_7b59c50d_like ON public.school_app_student USING btree (aadhar varchar_pattern_ops);


--
-- Name: school_app_student_academic_year_id_fc1be88f; Type: INDEX; Schema: public; Owner: postgres
--

CREATE INDEX school_app_student_academic_year_id_fc1be88f ON public.school_app_student USING btree (academic_year_id);


--
-- Name: school_app_student_assigned_class_id_8c2d2b75; Type: INDEX; Schema: public; Owner: postgres
--

CREATE INDEX school_app_student_assigned_class_id_8c2d2b75 ON public.school_app_student USING btree (assigned_class_id);


--
-- Name: school_app_student_email_81a30ba9_like; Type: INDEX; Schema: public; Owner: postgres
--

CREATE INDEX school_app_student_email_81a30ba9_like ON public.school_app_student USING btree (email varchar_pattern_ops);


--
-- Name: school_app_student_parent_id_bca8126d; Type: INDEX; Schema: public; Owner: postgres
--

CREATE INDEX school_app_student_parent_id_bca8126d ON public.school_app_student USING btree (parent_id);


--
-- Name: school_app_student_pen_265e5ebb_like; Type: INDEX; Schema: public; Owner: postgres
--

CREATE INDEX school_app_student_pen_265e5ebb_like ON public.school_app_student USING btree (pen varchar_pattern_ops);


--
-- Name: school_app_student_roll_number_4b62d571_like; Type: INDEX; Schema: public; Owner: postgres
--

CREATE INDEX school_app_student_roll_number_4b62d571_like ON public.school_app_student USING btree (roll_number varchar_pattern_ops);


--
-- Name: school_app_studentattendance_school_class_id_b68d0378; Type: INDEX; Schema: public; Owner: postgres
--

CREATE INDEX school_app_studentattendance_school_class_id_b68d0378 ON public.school_app_studentattendance USING btree (school_class_id);


--
-- Name: school_app_studentattendance_student_id_71e123b6; Type: INDEX; Schema: public; Owner: postgres
--

CREATE INDEX school_app_studentattendance_student_id_71e123b6 ON public.school_app_studentattendance USING btree (student_id);


--
-- Name: school_app_studentsubjectremark_exam_id_73bcd051; Type: INDEX; Schema: public; Owner: postgres
--

CREATE INDEX school_app_studentsubjectremark_exam_id_73bcd051 ON public.school_app_studentsubjectremark USING btree (exam_id);


--
-- Name: school_app_studentsubjectremark_student_id_2135d480; Type: INDEX; Schema: public; Owner: postgres
--

CREATE INDEX school_app_studentsubjectremark_student_id_2135d480 ON public.school_app_studentsubjectremark USING btree (student_id);


--
-- Name: school_app_studentsubjectremark_subject_id_3ce1037c; Type: INDEX; Schema: public; Owner: postgres
--

CREATE INDEX school_app_studentsubjectremark_subject_id_3ce1037c ON public.school_app_studentsubjectremark USING btree (subject_id);


--
-- Name: school_app_subject_name_7bc81a18_like; Type: INDEX; Schema: public; Owner: postgres
--

CREATE INDEX school_app_subject_name_7bc81a18_like ON public.school_app_subject USING btree (name varchar_pattern_ops);


--
-- Name: school_app_substituteassignment_classroom_id_7d0dc87d; Type: INDEX; Schema: public; Owner: postgres
--

CREATE INDEX school_app_substituteassignment_classroom_id_7d0dc87d ON public.school_app_substituteassignment USING btree (classroom_id);


--
-- Name: school_app_substituteassignment_original_teacher_id_01608858; Type: INDEX; Schema: public; Owner: postgres
--

CREATE INDEX school_app_substituteassignment_original_teacher_id_01608858 ON public.school_app_substituteassignment USING btree (original_teacher_id);


--
-- Name: school_app_substituteassignment_subject_id_651522ee; Type: INDEX; Schema: public; Owner: postgres
--

CREATE INDEX school_app_substituteassignment_subject_id_651522ee ON public.school_app_substituteassignment USING btree (subject_id);


--
-- Name: school_app_substituteassignment_substitute_teacher_id_32ae9ad2; Type: INDEX; Schema: public; Owner: postgres
--

CREATE INDEX school_app_substituteassignment_substitute_teacher_id_32ae9ad2 ON public.school_app_substituteassignment USING btree (substitute_teacher_id);


--
-- Name: school_app_subsubject_subject_id_0587b898; Type: INDEX; Schema: public; Owner: postgres
--

CREATE INDEX school_app_subsubject_subject_id_0587b898 ON public.school_app_subsubject USING btree (subject_id);


--
-- Name: school_app_teacher_assigned_classes_class_id_6c90f39c; Type: INDEX; Schema: public; Owner: postgres
--

CREATE INDEX school_app_teacher_assigned_classes_class_id_6c90f39c ON public.school_app_teacher_assigned_classes USING btree (class_id);


--
-- Name: school_app_teacher_assigned_classes_teacher_id_ad5bb8f3; Type: INDEX; Schema: public; Owner: postgres
--

CREATE INDEX school_app_teacher_assigned_classes_teacher_id_ad5bb8f3 ON public.school_app_teacher_assigned_classes USING btree (teacher_id);


--
-- Name: school_app_teacher_class_teacher_of_id_00ddbb48; Type: INDEX; Schema: public; Owner: postgres
--

CREATE INDEX school_app_teacher_class_teacher_of_id_00ddbb48 ON public.school_app_teacher USING btree (class_teacher_of_id);


--
-- Name: school_app_teacher_employee_id_21d903cd_like; Type: INDEX; Schema: public; Owner: postgres
--

CREATE INDEX school_app_teacher_employee_id_21d903cd_like ON public.school_app_teacher USING btree (employee_id varchar_pattern_ops);


--
-- Name: school_app_teacher_login_id_c54790df_like; Type: INDEX; Schema: public; Owner: postgres
--

CREATE INDEX school_app_teacher_login_id_c54790df_like ON public.school_app_teacher USING btree (login_id varchar_pattern_ops);


--
-- Name: school_app_teacher_phone_4b2f5153_like; Type: INDEX; Schema: public; Owner: postgres
--

CREATE INDEX school_app_teacher_phone_4b2f5153_like ON public.school_app_teacher USING btree (phone varchar_pattern_ops);


--
-- Name: school_app_teacher_subject_class_id_6f49c68b; Type: INDEX; Schema: public; Owner: postgres
--

CREATE INDEX school_app_teacher_subject_class_id_6f49c68b ON public.school_app_teacher_subject_class_relation_assigned_classes USING btree (class_id);


--
-- Name: school_app_teacher_subject_class_relation_subject_id_253ec2c2; Type: INDEX; Schema: public; Owner: postgres
--

CREATE INDEX school_app_teacher_subject_class_relation_subject_id_253ec2c2 ON public.school_app_teacher_subject_class_relation USING btree (subject_id);


--
-- Name: school_app_teacher_subject_class_relation_teacher_id_dd5354c5; Type: INDEX; Schema: public; Owner: postgres
--

CREATE INDEX school_app_teacher_subject_class_relation_teacher_id_dd5354c5 ON public.school_app_teacher_subject_class_relation USING btree (teacher_id);


--
-- Name: school_app_teacher_subject_teacher_subject_class_rela_d6adb667; Type: INDEX; Schema: public; Owner: postgres
--

CREATE INDEX school_app_teacher_subject_teacher_subject_class_rela_d6adb667 ON public.school_app_teacher_subject_class_relation_assigned_classes USING btree (teacher_subject_class_relation_id);


--
-- Name: school_app_teacher_subjects_subject_id_751bb123; Type: INDEX; Schema: public; Owner: postgres
--

CREATE INDEX school_app_teacher_subjects_subject_id_751bb123 ON public.school_app_teacher_subjects USING btree (subject_id);


--
-- Name: school_app_teacher_subjects_teacher_id_904591f4; Type: INDEX; Schema: public; Owner: postgres
--

CREATE INDEX school_app_teacher_subjects_teacher_id_904591f4 ON public.school_app_teacher_subjects USING btree (teacher_id);


--
-- Name: school_app_teacherattendance_teacher_id_9bd6743a; Type: INDEX; Schema: public; Owner: postgres
--

CREATE INDEX school_app_teacherattendance_teacher_id_9bd6743a ON public.school_app_teacherattendance USING btree (teacher_id);


--
-- Name: school_app_timetable_class_obj_id_876dce7d; Type: INDEX; Schema: public; Owner: postgres
--

CREATE INDEX school_app_timetable_class_obj_id_876dce7d ON public.school_app_timetable USING btree (class_obj_id);


--
-- Name: school_app_timetable_subject_id_5a071d85; Type: INDEX; Schema: public; Owner: postgres
--

CREATE INDEX school_app_timetable_subject_id_5a071d85 ON public.school_app_timetable USING btree (subject_id);


--
-- Name: school_app_timetable_teacher_id_42b18e73; Type: INDEX; Schema: public; Owner: postgres
--

CREATE INDEX school_app_timetable_teacher_id_42b18e73 ON public.school_app_timetable USING btree (teacher_id);


--
-- Name: school_app_timetable_teacher_subject_id_f5c2f275; Type: INDEX; Schema: public; Owner: postgres
--

CREATE INDEX school_app_timetable_teacher_subject_id_f5c2f275 ON public.school_app_timetable USING btree (teacher_subject_id);


--
-- Name: auth_group_permissions auth_group_permissio_permission_id_84c5c92e_fk_auth_perm; Type: FK CONSTRAINT; Schema: public; Owner: postgres
--

ALTER TABLE ONLY public.auth_group_permissions
    ADD CONSTRAINT auth_group_permissio_permission_id_84c5c92e_fk_auth_perm FOREIGN KEY (permission_id) REFERENCES public.auth_permission(id) DEFERRABLE INITIALLY DEFERRED;


--
-- Name: auth_group_permissions auth_group_permissions_group_id_b120cbf9_fk_auth_group_id; Type: FK CONSTRAINT; Schema: public; Owner: postgres
--

ALTER TABLE ONLY public.auth_group_permissions
    ADD CONSTRAINT auth_group_permissions_group_id_b120cbf9_fk_auth_group_id FOREIGN KEY (group_id) REFERENCES public.auth_group(id) DEFERRABLE INITIALLY DEFERRED;


--
-- Name: auth_permission auth_permission_content_type_id_2f476e4b_fk_django_co; Type: FK CONSTRAINT; Schema: public; Owner: postgres
--

ALTER TABLE ONLY public.auth_permission
    ADD CONSTRAINT auth_permission_content_type_id_2f476e4b_fk_django_co FOREIGN KEY (content_type_id) REFERENCES public.django_content_type(id) DEFERRABLE INITIALLY DEFERRED;


--
-- Name: auth_user_groups auth_user_groups_group_id_97559544_fk_auth_group_id; Type: FK CONSTRAINT; Schema: public; Owner: postgres
--

ALTER TABLE ONLY public.auth_user_groups
    ADD CONSTRAINT auth_user_groups_group_id_97559544_fk_auth_group_id FOREIGN KEY (group_id) REFERENCES public.auth_group(id) DEFERRABLE INITIALLY DEFERRED;


--
-- Name: auth_user_groups auth_user_groups_user_id_6a12ed8b_fk_auth_user_id; Type: FK CONSTRAINT; Schema: public; Owner: postgres
--

ALTER TABLE ONLY public.auth_user_groups
    ADD CONSTRAINT auth_user_groups_user_id_6a12ed8b_fk_auth_user_id FOREIGN KEY (user_id) REFERENCES public.auth_user(id) DEFERRABLE INITIALLY DEFERRED;


--
-- Name: auth_user_user_permissions auth_user_user_permi_permission_id_1fbb5f2c_fk_auth_perm; Type: FK CONSTRAINT; Schema: public; Owner: postgres
--

ALTER TABLE ONLY public.auth_user_user_permissions
    ADD CONSTRAINT auth_user_user_permi_permission_id_1fbb5f2c_fk_auth_perm FOREIGN KEY (permission_id) REFERENCES public.auth_permission(id) DEFERRABLE INITIALLY DEFERRED;


--
-- Name: auth_user_user_permissions auth_user_user_permissions_user_id_a95ead1b_fk_auth_user_id; Type: FK CONSTRAINT; Schema: public; Owner: postgres
--

ALTER TABLE ONLY public.auth_user_user_permissions
    ADD CONSTRAINT auth_user_user_permissions_user_id_a95ead1b_fk_auth_user_id FOREIGN KEY (user_id) REFERENCES public.auth_user(id) DEFERRABLE INITIALLY DEFERRED;


--
-- Name: django_admin_log django_admin_log_content_type_id_c4bce8eb_fk_django_co; Type: FK CONSTRAINT; Schema: public; Owner: postgres
--

ALTER TABLE ONLY public.django_admin_log
    ADD CONSTRAINT django_admin_log_content_type_id_c4bce8eb_fk_django_co FOREIGN KEY (content_type_id) REFERENCES public.django_content_type(id) DEFERRABLE INITIALLY DEFERRED;


--
-- Name: django_admin_log django_admin_log_user_id_c564eba6_fk_auth_user_id; Type: FK CONSTRAINT; Schema: public; Owner: postgres
--

ALTER TABLE ONLY public.django_admin_log
    ADD CONSTRAINT django_admin_log_user_id_c564eba6_fk_auth_user_id FOREIGN KEY (user_id) REFERENCES public.auth_user(id) DEFERRABLE INITIALLY DEFERRED;


--
-- Name: school_app_aitimetableentry school_app_aitimetab_class_assigned_id_c2f43f92_fk_school_ap; Type: FK CONSTRAINT; Schema: public; Owner: postgres
--

ALTER TABLE ONLY public.school_app_aitimetableentry
    ADD CONSTRAINT school_app_aitimetab_class_assigned_id_c2f43f92_fk_school_ap FOREIGN KEY (class_assigned_id) REFERENCES public.school_app_class(id) DEFERRABLE INITIALLY DEFERRED;


--
-- Name: school_app_aitimetableentry school_app_aitimetab_school_day_id_07887da9_fk_school_ap; Type: FK CONSTRAINT; Schema: public; Owner: postgres
--

ALTER TABLE ONLY public.school_app_aitimetableentry
    ADD CONSTRAINT school_app_aitimetab_school_day_id_07887da9_fk_school_ap FOREIGN KEY (school_day_id) REFERENCES public.school_app_schoolday(id) DEFERRABLE INITIALLY DEFERRED;


--
-- Name: school_app_aitimetableentry school_app_aitimetab_subject_id_4f63ba81_fk_school_ap; Type: FK CONSTRAINT; Schema: public; Owner: postgres
--

ALTER TABLE ONLY public.school_app_aitimetableentry
    ADD CONSTRAINT school_app_aitimetab_subject_id_4f63ba81_fk_school_ap FOREIGN KEY (subject_id) REFERENCES public.school_app_subject(id) DEFERRABLE INITIALLY DEFERRED;


--
-- Name: school_app_aitimetableentry school_app_aitimetab_teacher_id_e3a0668a_fk_school_ap; Type: FK CONSTRAINT; Schema: public; Owner: postgres
--

ALTER TABLE ONLY public.school_app_aitimetableentry
    ADD CONSTRAINT school_app_aitimetab_teacher_id_e3a0668a_fk_school_ap FOREIGN KEY (teacher_id) REFERENCES public.school_app_teacher(id) DEFERRABLE INITIALLY DEFERRED;


--
-- Name: school_app_class school_app_class_academic_year_id_76658ecd_fk_school_ap; Type: FK CONSTRAINT; Schema: public; Owner: postgres
--

ALTER TABLE ONLY public.school_app_class
    ADD CONSTRAINT school_app_class_academic_year_id_76658ecd_fk_school_ap FOREIGN KEY (academic_year_id) REFERENCES public.school_app_academicyear(id) DEFERRABLE INITIALLY DEFERRED;


--
-- Name: school_app_class school_app_class_class_teacher_id_314d34ce_fk_school_ap; Type: FK CONSTRAINT; Schema: public; Owner: postgres
--

ALTER TABLE ONLY public.school_app_class
    ADD CONSTRAINT school_app_class_class_teacher_id_314d34ce_fk_school_ap FOREIGN KEY (class_teacher_id) REFERENCES public.school_app_teacher(id) DEFERRABLE INITIALLY DEFERRED;


--
-- Name: school_app_classsubsubjectassignment school_app_classsubs_school_class_id_6c38bb6e_fk_school_ap; Type: FK CONSTRAINT; Schema: public; Owner: postgres
--

ALTER TABLE ONLY public.school_app_classsubsubjectassignment
    ADD CONSTRAINT school_app_classsubs_school_class_id_6c38bb6e_fk_school_ap FOREIGN KEY (school_class_id) REFERENCES public.school_app_class(id) DEFERRABLE INITIALLY DEFERRED;


--
-- Name: school_app_classsubsubjectassignment school_app_classsubs_subject_id_e0772590_fk_school_ap; Type: FK CONSTRAINT; Schema: public; Owner: postgres
--

ALTER TABLE ONLY public.school_app_classsubsubjectassignment
    ADD CONSTRAINT school_app_classsubs_subject_id_e0772590_fk_school_ap FOREIGN KEY (subject_id) REFERENCES public.school_app_subject(id) DEFERRABLE INITIALLY DEFERRED;


--
-- Name: school_app_classsubsubjectassignment school_app_classsubs_subsubject_id_81af44c0_fk_school_ap; Type: FK CONSTRAINT; Schema: public; Owner: postgres
--

ALTER TABLE ONLY public.school_app_classsubsubjectassignment
    ADD CONSTRAINT school_app_classsubs_subsubject_id_81af44c0_fk_school_ap FOREIGN KEY (subsubject_id) REFERENCES public.school_app_subsubject(id) DEFERRABLE INITIALLY DEFERRED;


--
-- Name: school_app_dailytimetableentry school_app_dailytime_classroom_id_dc3a70c0_fk_school_ap; Type: FK CONSTRAINT; Schema: public; Owner: postgres
--

ALTER TABLE ONLY public.school_app_dailytimetableentry
    ADD CONSTRAINT school_app_dailytime_classroom_id_dc3a70c0_fk_school_ap FOREIGN KEY (classroom_id) REFERENCES public.school_app_class(id) DEFERRABLE INITIALLY DEFERRED;


--
-- Name: school_app_dailytimetableentry school_app_dailytime_subject_id_393dbc70_fk_school_ap; Type: FK CONSTRAINT; Schema: public; Owner: postgres
--

ALTER TABLE ONLY public.school_app_dailytimetableentry
    ADD CONSTRAINT school_app_dailytime_subject_id_393dbc70_fk_school_ap FOREIGN KEY (subject_id) REFERENCES public.school_app_subject(id) DEFERRABLE INITIALLY DEFERRED;


--
-- Name: school_app_dailytimetableentry school_app_dailytime_teacher_id_ca56a531_fk_school_ap; Type: FK CONSTRAINT; Schema: public; Owner: postgres
--

ALTER TABLE ONLY public.school_app_dailytimetableentry
    ADD CONSTRAINT school_app_dailytime_teacher_id_ca56a531_fk_school_ap FOREIGN KEY (teacher_id) REFERENCES public.school_app_teacher(id) DEFERRABLE INITIALLY DEFERRED;


--
-- Name: school_app_examschedule school_app_examsched_school_class_id_303cf043_fk_school_ap; Type: FK CONSTRAINT; Schema: public; Owner: postgres
--

ALTER TABLE ONLY public.school_app_examschedule
    ADD CONSTRAINT school_app_examsched_school_class_id_303cf043_fk_school_ap FOREIGN KEY (school_class_id) REFERENCES public.school_app_class(id) DEFERRABLE INITIALLY DEFERRED;


--
-- Name: school_app_examschedule school_app_examsched_subject_id_4438eef0_fk_school_ap; Type: FK CONSTRAINT; Schema: public; Owner: postgres
--

ALTER TABLE ONLY public.school_app_examschedule
    ADD CONSTRAINT school_app_examsched_subject_id_4438eef0_fk_school_ap FOREIGN KEY (subject_id) REFERENCES public.school_app_subject(id) DEFERRABLE INITIALLY DEFERRED;


--
-- Name: school_app_examschedule school_app_examschedule_exam_id_b753c01e_fk_school_app_exam_id; Type: FK CONSTRAINT; Schema: public; Owner: postgres
--

ALTER TABLE ONLY public.school_app_examschedule
    ADD CONSTRAINT school_app_examschedule_exam_id_b753c01e_fk_school_app_exam_id FOREIGN KEY (exam_id) REFERENCES public.school_app_exam(id) DEFERRABLE INITIALLY DEFERRED;


--
-- Name: school_app_holiday school_app_holiday_academic_year_id_34e65b4f_fk_school_ap; Type: FK CONSTRAINT; Schema: public; Owner: postgres
--

ALTER TABLE ONLY public.school_app_holiday
    ADD CONSTRAINT school_app_holiday_academic_year_id_34e65b4f_fk_school_ap FOREIGN KEY (academic_year_id) REFERENCES public.school_app_academicyear(id) DEFERRABLE INITIALLY DEFERRED;


--
-- Name: school_app_internalassessment school_app_internala_exam_id_a6784cd3_fk_school_ap; Type: FK CONSTRAINT; Schema: public; Owner: postgres
--

ALTER TABLE ONLY public.school_app_internalassessment
    ADD CONSTRAINT school_app_internala_exam_id_a6784cd3_fk_school_ap FOREIGN KEY (exam_id) REFERENCES public.school_app_exam(id) DEFERRABLE INITIALLY DEFERRED;


--
-- Name: school_app_internalassessment school_app_internala_school_class_id_ac970f7d_fk_school_ap; Type: FK CONSTRAINT; Schema: public; Owner: postgres
--

ALTER TABLE ONLY public.school_app_internalassessment
    ADD CONSTRAINT school_app_internala_school_class_id_ac970f7d_fk_school_ap FOREIGN KEY (school_class_id) REFERENCES public.school_app_class(id) DEFERRABLE INITIALLY DEFERRED;


--
-- Name: school_app_internalassessment school_app_internala_student_id_ae07a2f6_fk_school_ap; Type: FK CONSTRAINT; Schema: public; Owner: postgres
--

ALTER TABLE ONLY public.school_app_internalassessment
    ADD CONSTRAINT school_app_internala_student_id_ae07a2f6_fk_school_ap FOREIGN KEY (student_id) REFERENCES public.school_app_student(id) DEFERRABLE INITIALLY DEFERRED;


--
-- Name: school_app_internalassessment school_app_internala_subject_id_937a9b91_fk_school_ap; Type: FK CONSTRAINT; Schema: public; Owner: postgres
--

ALTER TABLE ONLY public.school_app_internalassessment
    ADD CONSTRAINT school_app_internala_subject_id_937a9b91_fk_school_ap FOREIGN KEY (subject_id) REFERENCES public.school_app_subject(id) DEFERRABLE INITIALLY DEFERRED;


--
-- Name: school_app_internalassessment school_app_internala_subsubject_id_43423fa9_fk_school_ap; Type: FK CONSTRAINT; Schema: public; Owner: postgres
--

ALTER TABLE ONLY public.school_app_internalassessment
    ADD CONSTRAINT school_app_internala_subsubject_id_43423fa9_fk_school_ap FOREIGN KEY (subsubject_id) REFERENCES public.school_app_subsubject(id) DEFERRABLE INITIALLY DEFERRED;


--
-- Name: school_app_marks school_app_marks_exam_id_18de70e2_fk_school_app_exam_id; Type: FK CONSTRAINT; Schema: public; Owner: postgres
--

ALTER TABLE ONLY public.school_app_marks
    ADD CONSTRAINT school_app_marks_exam_id_18de70e2_fk_school_app_exam_id FOREIGN KEY (exam_id) REFERENCES public.school_app_exam(id) DEFERRABLE INITIALLY DEFERRED;


--
-- Name: school_app_marks school_app_marks_student_id_b1537312_fk_school_app_student_id; Type: FK CONSTRAINT; Schema: public; Owner: postgres
--

ALTER TABLE ONLY public.school_app_marks
    ADD CONSTRAINT school_app_marks_student_id_b1537312_fk_school_app_student_id FOREIGN KEY (student_id) REFERENCES public.school_app_student(id) DEFERRABLE INITIALLY DEFERRED;


--
-- Name: school_app_marks school_app_marks_subject_id_1680dec7_fk_school_app_subject_id; Type: FK CONSTRAINT; Schema: public; Owner: postgres
--

ALTER TABLE ONLY public.school_app_marks
    ADD CONSTRAINT school_app_marks_subject_id_1680dec7_fk_school_app_subject_id FOREIGN KEY (subject_id) REFERENCES public.school_app_subject(id) DEFERRABLE INITIALLY DEFERRED;


--
-- Name: school_app_skillordevelopmentarea school_app_skillorde_school_class_id_c17031d3_fk_school_ap; Type: FK CONSTRAINT; Schema: public; Owner: postgres
--

ALTER TABLE ONLY public.school_app_skillordevelopmentarea
    ADD CONSTRAINT school_app_skillorde_school_class_id_c17031d3_fk_school_ap FOREIGN KEY (school_class_id) REFERENCES public.school_app_class(id) DEFERRABLE INITIALLY DEFERRED;


--
-- Name: school_app_skillordevelopmentarea school_app_skillorde_student_id_8af5a307_fk_school_ap; Type: FK CONSTRAINT; Schema: public; Owner: postgres
--

ALTER TABLE ONLY public.school_app_skillordevelopmentarea
    ADD CONSTRAINT school_app_skillorde_student_id_8af5a307_fk_school_ap FOREIGN KEY (student_id) REFERENCES public.school_app_student(id) DEFERRABLE INITIALLY DEFERRED;


--
-- Name: school_app_skillordevelopmentarea school_app_skillorde_subject_id_31495f1c_fk_school_ap; Type: FK CONSTRAINT; Schema: public; Owner: postgres
--

ALTER TABLE ONLY public.school_app_skillordevelopmentarea
    ADD CONSTRAINT school_app_skillorde_subject_id_31495f1c_fk_school_ap FOREIGN KEY (subject_id) REFERENCES public.school_app_subject(id) DEFERRABLE INITIALLY DEFERRED;


--
-- Name: school_app_student school_app_student_academic_year_id_fc1be88f_fk_school_ap; Type: FK CONSTRAINT; Schema: public; Owner: postgres
--

ALTER TABLE ONLY public.school_app_student
    ADD CONSTRAINT school_app_student_academic_year_id_fc1be88f_fk_school_ap FOREIGN KEY (academic_year_id) REFERENCES public.school_app_academicyear(id) DEFERRABLE INITIALLY DEFERRED;


--
-- Name: school_app_student school_app_student_assigned_class_id_8c2d2b75_fk_school_ap; Type: FK CONSTRAINT; Schema: public; Owner: postgres
--

ALTER TABLE ONLY public.school_app_student
    ADD CONSTRAINT school_app_student_assigned_class_id_8c2d2b75_fk_school_ap FOREIGN KEY (assigned_class_id) REFERENCES public.school_app_class(id) DEFERRABLE INITIALLY DEFERRED;


--
-- Name: school_app_student school_app_student_parent_id_bca8126d_fk_school_app_parent_id; Type: FK CONSTRAINT; Schema: public; Owner: postgres
--

ALTER TABLE ONLY public.school_app_student
    ADD CONSTRAINT school_app_student_parent_id_bca8126d_fk_school_app_parent_id FOREIGN KEY (parent_id) REFERENCES public.school_app_parent(id) DEFERRABLE INITIALLY DEFERRED;


--
-- Name: school_app_studentattendance school_app_studentat_school_class_id_b68d0378_fk_school_ap; Type: FK CONSTRAINT; Schema: public; Owner: postgres
--

ALTER TABLE ONLY public.school_app_studentattendance
    ADD CONSTRAINT school_app_studentat_school_class_id_b68d0378_fk_school_ap FOREIGN KEY (school_class_id) REFERENCES public.school_app_class(id) DEFERRABLE INITIALLY DEFERRED;


--
-- Name: school_app_studentattendance school_app_studentat_student_id_71e123b6_fk_school_ap; Type: FK CONSTRAINT; Schema: public; Owner: postgres
--

ALTER TABLE ONLY public.school_app_studentattendance
    ADD CONSTRAINT school_app_studentat_student_id_71e123b6_fk_school_ap FOREIGN KEY (student_id) REFERENCES public.school_app_student(id) DEFERRABLE INITIALLY DEFERRED;


--
-- Name: school_app_studentsubjectremark school_app_studentsu_exam_id_73bcd051_fk_school_ap; Type: FK CONSTRAINT; Schema: public; Owner: postgres
--

ALTER TABLE ONLY public.school_app_studentsubjectremark
    ADD CONSTRAINT school_app_studentsu_exam_id_73bcd051_fk_school_ap FOREIGN KEY (exam_id) REFERENCES public.school_app_exam(id) DEFERRABLE INITIALLY DEFERRED;


--
-- Name: school_app_studentsubjectremark school_app_studentsu_student_id_2135d480_fk_school_ap; Type: FK CONSTRAINT; Schema: public; Owner: postgres
--

ALTER TABLE ONLY public.school_app_studentsubjectremark
    ADD CONSTRAINT school_app_studentsu_student_id_2135d480_fk_school_ap FOREIGN KEY (student_id) REFERENCES public.school_app_student(id) DEFERRABLE INITIALLY DEFERRED;


--
-- Name: school_app_studentsubjectremark school_app_studentsu_subject_id_3ce1037c_fk_school_ap; Type: FK CONSTRAINT; Schema: public; Owner: postgres
--

ALTER TABLE ONLY public.school_app_studentsubjectremark
    ADD CONSTRAINT school_app_studentsu_subject_id_3ce1037c_fk_school_ap FOREIGN KEY (subject_id) REFERENCES public.school_app_subject(id) DEFERRABLE INITIALLY DEFERRED;


--
-- Name: school_app_substituteassignment school_app_substitut_classroom_id_7d0dc87d_fk_school_ap; Type: FK CONSTRAINT; Schema: public; Owner: postgres
--

ALTER TABLE ONLY public.school_app_substituteassignment
    ADD CONSTRAINT school_app_substitut_classroom_id_7d0dc87d_fk_school_ap FOREIGN KEY (classroom_id) REFERENCES public.school_app_class(id) DEFERRABLE INITIALLY DEFERRED;


--
-- Name: school_app_substituteassignment school_app_substitut_original_teacher_id_01608858_fk_school_ap; Type: FK CONSTRAINT; Schema: public; Owner: postgres
--

ALTER TABLE ONLY public.school_app_substituteassignment
    ADD CONSTRAINT school_app_substitut_original_teacher_id_01608858_fk_school_ap FOREIGN KEY (original_teacher_id) REFERENCES public.school_app_teacher(id) DEFERRABLE INITIALLY DEFERRED;


--
-- Name: school_app_substituteassignment school_app_substitut_subject_id_651522ee_fk_school_ap; Type: FK CONSTRAINT; Schema: public; Owner: postgres
--

ALTER TABLE ONLY public.school_app_substituteassignment
    ADD CONSTRAINT school_app_substitut_subject_id_651522ee_fk_school_ap FOREIGN KEY (subject_id) REFERENCES public.school_app_subject(id) DEFERRABLE INITIALLY DEFERRED;


--
-- Name: school_app_substituteassignment school_app_substitut_substitute_teacher_i_32ae9ad2_fk_school_ap; Type: FK CONSTRAINT; Schema: public; Owner: postgres
--

ALTER TABLE ONLY public.school_app_substituteassignment
    ADD CONSTRAINT school_app_substitut_substitute_teacher_i_32ae9ad2_fk_school_ap FOREIGN KEY (substitute_teacher_id) REFERENCES public.school_app_teacher(id) DEFERRABLE INITIALLY DEFERRED;


--
-- Name: school_app_subsubject school_app_subsubjec_subject_id_0587b898_fk_school_ap; Type: FK CONSTRAINT; Schema: public; Owner: postgres
--

ALTER TABLE ONLY public.school_app_subsubject
    ADD CONSTRAINT school_app_subsubjec_subject_id_0587b898_fk_school_ap FOREIGN KEY (subject_id) REFERENCES public.school_app_subject(id) DEFERRABLE INITIALLY DEFERRED;


--
-- Name: school_app_teacher_assigned_classes school_app_teacher_a_class_id_6c90f39c_fk_school_ap; Type: FK CONSTRAINT; Schema: public; Owner: postgres
--

ALTER TABLE ONLY public.school_app_teacher_assigned_classes
    ADD CONSTRAINT school_app_teacher_a_class_id_6c90f39c_fk_school_ap FOREIGN KEY (class_id) REFERENCES public.school_app_class(id) DEFERRABLE INITIALLY DEFERRED;


--
-- Name: school_app_teacher_assigned_classes school_app_teacher_a_teacher_id_ad5bb8f3_fk_school_ap; Type: FK CONSTRAINT; Schema: public; Owner: postgres
--

ALTER TABLE ONLY public.school_app_teacher_assigned_classes
    ADD CONSTRAINT school_app_teacher_a_teacher_id_ad5bb8f3_fk_school_ap FOREIGN KEY (teacher_id) REFERENCES public.school_app_teacher(id) DEFERRABLE INITIALLY DEFERRED;


--
-- Name: school_app_teacher school_app_teacher_class_teacher_of_id_00ddbb48_fk_school_ap; Type: FK CONSTRAINT; Schema: public; Owner: postgres
--

ALTER TABLE ONLY public.school_app_teacher
    ADD CONSTRAINT school_app_teacher_class_teacher_of_id_00ddbb48_fk_school_ap FOREIGN KEY (class_teacher_of_id) REFERENCES public.school_app_class(id) DEFERRABLE INITIALLY DEFERRED;


--
-- Name: school_app_teacher_subject_class_relation_assigned_classes school_app_teacher_s_class_id_6f49c68b_fk_school_ap; Type: FK CONSTRAINT; Schema: public; Owner: postgres
--

ALTER TABLE ONLY public.school_app_teacher_subject_class_relation_assigned_classes
    ADD CONSTRAINT school_app_teacher_s_class_id_6f49c68b_fk_school_ap FOREIGN KEY (class_id) REFERENCES public.school_app_class(id) DEFERRABLE INITIALLY DEFERRED;


--
-- Name: school_app_teacher_subject_class_relation school_app_teacher_s_subject_id_253ec2c2_fk_school_ap; Type: FK CONSTRAINT; Schema: public; Owner: postgres
--

ALTER TABLE ONLY public.school_app_teacher_subject_class_relation
    ADD CONSTRAINT school_app_teacher_s_subject_id_253ec2c2_fk_school_ap FOREIGN KEY (subject_id) REFERENCES public.school_app_subject(id) DEFERRABLE INITIALLY DEFERRED;


--
-- Name: school_app_teacher_subjects school_app_teacher_s_subject_id_751bb123_fk_school_ap; Type: FK CONSTRAINT; Schema: public; Owner: postgres
--

ALTER TABLE ONLY public.school_app_teacher_subjects
    ADD CONSTRAINT school_app_teacher_s_subject_id_751bb123_fk_school_ap FOREIGN KEY (subject_id) REFERENCES public.school_app_subject(id) DEFERRABLE INITIALLY DEFERRED;


--
-- Name: school_app_teacher_subjects school_app_teacher_s_teacher_id_904591f4_fk_school_ap; Type: FK CONSTRAINT; Schema: public; Owner: postgres
--

ALTER TABLE ONLY public.school_app_teacher_subjects
    ADD CONSTRAINT school_app_teacher_s_teacher_id_904591f4_fk_school_ap FOREIGN KEY (teacher_id) REFERENCES public.school_app_teacher(id) DEFERRABLE INITIALLY DEFERRED;


--
-- Name: school_app_teacher_subject_class_relation school_app_teacher_s_teacher_id_dd5354c5_fk_school_ap; Type: FK CONSTRAINT; Schema: public; Owner: postgres
--

ALTER TABLE ONLY public.school_app_teacher_subject_class_relation
    ADD CONSTRAINT school_app_teacher_s_teacher_id_dd5354c5_fk_school_ap FOREIGN KEY (teacher_id) REFERENCES public.school_app_teacher(id) DEFERRABLE INITIALLY DEFERRED;


--
-- Name: school_app_teacher_subject_class_relation_assigned_classes school_app_teacher_s_teacher_subject_clas_d6adb667_fk_school_ap; Type: FK CONSTRAINT; Schema: public; Owner: postgres
--

ALTER TABLE ONLY public.school_app_teacher_subject_class_relation_assigned_classes
    ADD CONSTRAINT school_app_teacher_s_teacher_subject_clas_d6adb667_fk_school_ap FOREIGN KEY (teacher_subject_class_relation_id) REFERENCES public.school_app_teacher_subject_class_relation(id) DEFERRABLE INITIALLY DEFERRED;


--
-- Name: school_app_teacherattendance school_app_teacherat_teacher_id_9bd6743a_fk_school_ap; Type: FK CONSTRAINT; Schema: public; Owner: postgres
--

ALTER TABLE ONLY public.school_app_teacherattendance
    ADD CONSTRAINT school_app_teacherat_teacher_id_9bd6743a_fk_school_ap FOREIGN KEY (teacher_id) REFERENCES public.school_app_teacher(id) DEFERRABLE INITIALLY DEFERRED;


--
-- Name: school_app_timetable school_app_timetable_class_obj_id_876dce7d_fk_school_ap; Type: FK CONSTRAINT; Schema: public; Owner: postgres
--

ALTER TABLE ONLY public.school_app_timetable
    ADD CONSTRAINT school_app_timetable_class_obj_id_876dce7d_fk_school_ap FOREIGN KEY (class_obj_id) REFERENCES public.school_app_class(id) DEFERRABLE INITIALLY DEFERRED;


--
-- Name: school_app_timetable school_app_timetable_subject_id_5a071d85_fk_school_ap; Type: FK CONSTRAINT; Schema: public; Owner: postgres
--

ALTER TABLE ONLY public.school_app_timetable
    ADD CONSTRAINT school_app_timetable_subject_id_5a071d85_fk_school_ap FOREIGN KEY (subject_id) REFERENCES public.school_app_subject(id) DEFERRABLE INITIALLY DEFERRED;


--
-- Name: school_app_timetable school_app_timetable_teacher_id_42b18e73_fk_school_ap; Type: FK CONSTRAINT; Schema: public; Owner: postgres
--

ALTER TABLE ONLY public.school_app_timetable
    ADD CONSTRAINT school_app_timetable_teacher_id_42b18e73_fk_school_ap FOREIGN KEY (teacher_id) REFERENCES public.school_app_teacher(id) DEFERRABLE INITIALLY DEFERRED;


--
-- Name: school_app_timetable school_app_timetable_teacher_subject_id_f5c2f275_fk_school_ap; Type: FK CONSTRAINT; Schema: public; Owner: postgres
--

ALTER TABLE ONLY public.school_app_timetable
    ADD CONSTRAINT school_app_timetable_teacher_subject_id_f5c2f275_fk_school_ap FOREIGN KEY (teacher_subject_id) REFERENCES public.school_app_teacher_subject_class_relation(id) DEFERRABLE INITIALLY DEFERRED;


--
-- PostgreSQL database dump complete
--

